Workbook

Sheet Species Summary
A1: Costa Rica Site Data — Species Summary
A2: Existing labeled/extracted recordings from the 2022 AudioMoth deployment at La Selva Biological Station (folder: 2022-Jume-18_RegularMoth4_forest). Site data only — before any Xeno-canto or other public data.
A3: =HYPERLINK("https://drive.google.com/drive/folders/1z8aF21SAkHmx80vnpkARR_O1ZN8tR-4q","Open source Drive folder") -> Open source Drive folder
A5: Species | B5: Scientific name | C5: # Recordings | D5: Data notes | E5: Recording 1 | F5: Recording 2 | G5: Recording 3 | H5: Recording 4 | I5: Recording 5 | J5: Recording 6 | K5: Recording 7 | L5: Recording 8 | M5: Recording 9 | N5: Recording 10 | O5: Recording 11 | P5: Recording 12 | Q5: Recording 13 | R5: Recording 14 | S5: Recording 15 | T5: Recording 16 | U5: Recording 17
A6: BIRDS — 16 species identified at the site (44 labeled bird recordings; all extracts labeled)
A7: White-breasted Wood-Wren | B7: Henicorhina leucosticta | C7: =COUNTIF('All Recordings'!$F$2:$F$65,"*White-breasted Wood-Wren*") -> 17 | D7: Best-covered species, both days; includes 1 duplicate pair (Bird 12/13), 1 partial, 2 filename-labeled cuts | E7: =HYPERLINK("https://drive.google.com/file/d/1Ph30uo9N5juiSDqbCtfE5uVHUYuCKU2M/view","Bird 12 (June 18)") -> Bird 12 (June 18) | F7: =HYPERLINK("https://drive.google.com/file/d/1LvbwVMJSpY5jFOaFXA3jeoTf49hpxVyJ/view","Bird 13 (June 18)") -> Bird 13 (June 18) | G7: =HYPERLINK("https://drive.google.com/file/d/1OS_MC9AClW2o7uiAbNizmeUIM8YOk-ME/view","Bird 14 (June 18)") -> Bird 14 (June 18) | H7: =HYPERLINK("https://drive.google.com/file/d/1QqkobA0-Lc4BINRmcrwGLjIhdT763Zyz/view","Bird 15 (June 18)") -> Bird 15 (June 18) | I7: =HYPERLINK("https://drive.google.com/file/d/1OXZFPhXO1LgFl3th7S50pZVXMDHBMPTw/view","Bird 18 (June 18)") -> Bird 18 (June 18) | J7: =HYPERLINK("https://drive.google.com/file/d/1R5BJDlpF1thNjqQgqqBeEDpiMgxUGm6v/view","Bird 20 (June 18)") -> Bird 20 (June 18) | K7: =HYPERLINK("https://drive.google.com/file/d/1PhLzPtk__JKJogT9oN79sUfwx0JfjITz/view","Bird 23 (June 18)") -> Bird 23 (June 18) | L7: =HYPERLINK("https://drive.google.com/file/d/1LrxnHJzhh5qmOYFqXtn9fI__56GlW5Xt/view","Bird 27 (June 18)") -> Bird 27 (June 18) | M7: =HYPERLINK("https://drive.google.com/file/d/1QUBq0yZBayf-qcmUTpUNqbKkgwxWlQcR/view","Bird 34 (June 18)") -> Bird 34 (June 18) | N7: =HYPERLINK("https://drive.google.com/file/d/1Qv_nkcoFKxVy1IBnttHjFCPico1twY7v/view","Bird 39 (June 18)") -> Bird 39 (June 18) | O7: =HYPERLINK("https://drive.google.com/file/d/1NP93wRtaAaKQ7bc9oz67Jlx7W5FeIdPc/view","Bird 40 (June 18)") -> Bird 40 (June 18) | P7: =HYPERLINK("https://drive.google.com/file/d/1Pdak2ABC1pdXnWuGrIDdbvrtHIb5_PYc/view","20220601_000000_wb wren (June 18)") -> 20220601_000000_wb wren (June 18) | Q7: =HYPERLINK("https://drive.google.com/file/d/1Q0A4vLRAdI6mQLwBmkFzxUuEqfXCWdDS/view","20220601_000000_wb wren v2 (June 18)") -> 20220601_000000_wb wren v2 (June 18) | R7: =HYPERLINK("https://drive.google.com/file/d/1MWzw36_cmZLLiT1hGwv6ZcytA7OpsaR_/view","Bird 42 (June 18)") -> Bird 42 (June 18) | S7: =HYPERLINK("https://drive.google.com/file/d/1KslMZnTM4gRy19XP12qYwdDKzsKcI6CC/view","Bird 1 (June 17)") -> Bird 1 (June 17) | T7: =HYPERLINK("https://drive.google.com/file/d/1L54PpyWBP3mlVJ1n8Ok-ofucroo4P7f4/view","Bird 3 (June 17)") -> Bird 3 (June 17) | U7: =HYPERLINK("https://drive.google.com/file/d/1LXATZi4KrYbpoSzRUUB9-uq4k1xPkEj9/view","Bird 4 (June 17)") -> Bird 4 (June 17)
A8: Great Tinamou | B8: Tinamus major | C8: =COUNTIF('All Recordings'!$F$2:$F$65,"*Great Tinamou*") -> 4 | D8: Bird 1 and June 17 Bird 6 are solos; other 2 are uncertain/mixed | E8: =HYPERLINK("https://drive.google.com/file/d/1OLWgL-ozIaPw9gmSt2KbrXVLhmRgwsN6/view","Bird 1 (June 18)") -> Bird 1 (June 18) | F8: =HYPERLINK("https://drive.google.com/file/d/1OY-WA3n0_QCTuOpvgbACXfN0KXTtswxq/view","Bird 19 (June 18)") -> Bird 19 (June 18) | G8: =HYPERLINK("https://drive.google.com/file/d/1QUBq0yZBayf-qcmUTpUNqbKkgwxWlQcR/view","Bird 34 (June 18)") -> Bird 34 (June 18) | H8: =HYPERLINK("https://drive.google.com/file/d/1KtQ7Yj7q43tU2lDgl8GlAoagkYVgGPhn/view","Bird 6 (June 17)") -> Bird 6 (June 17)
A9: Yellow-throated Toucan | B9: Ramphastos ambiguus | C9: =COUNTIF('All Recordings'!$F$2:$F$65,"*Yellow-throated Toucan*") -> 4 | D9: One recording uncertain (Bird 19, mixed with tinamou) | E9: =HYPERLINK("https://drive.google.com/file/d/1Q7Wnzi5nPYZxjBQw_UVV66coNOw_Q103/view","Bird 16 (June 18)") -> Bird 16 (June 18) | F9: =HYPERLINK("https://drive.google.com/file/d/1OY-WA3n0_QCTuOpvgbACXfN0KXTtswxq/view","Bird 19 (June 18)") -> Bird 19 (June 18) | G9: =HYPERLINK("https://drive.google.com/file/d/1LcqhEZ_t2VLNPm0QelcUh-Ybnwzjia9S/view","Bird 21 (June 18)") -> Bird 21 (June 18) | H9: =HYPERLINK("https://drive.google.com/file/d/1NEmCYDzlcH7dpiFoRjCPwuOitRrtrBDz/view","Bird 22 (June 18)") -> Bird 22 (June 18)
A10: Green Ibis | B10: Mesembrinibis cayennensis | C10: =COUNTIF('All Recordings'!$F$2:$F$65,"*Green Ibis*") -> 3 | D10: Bird 7 overlaps a motmot call | E10: =HYPERLINK("https://drive.google.com/file/d/1PTf7yxHUFUPr7xcm0rpVJ0oVRyrN3l9a/view","Bird 2 (June 18)") -> Bird 2 (June 18) | F10: =HYPERLINK("https://drive.google.com/file/d/1R5GoR5zDhvgnwl9HiltF3F69JuFsIi-x/view","Bird 3 (June 18)") -> Bird 3 (June 18) | G10: =HYPERLINK("https://drive.google.com/file/d/1Lj4AhqhgrC6NLnIM5cWfFpkcMOvLgFLJ/view","Bird 7 (June 18)") -> Bird 7 (June 18)
A11: Broad-billed Motmot | B11: Electron platyrhynchum | C11: =COUNTIF('All Recordings'!$F$2:$F$65,"*Broad-billed Motmot*") -> 3 | D11: Bird 8 overlaps an ibis call | E11: =HYPERLINK("https://drive.google.com/file/d/1N0hh-DcQUJqNcyiLik9hi1A2VhCdALJe/view","Bird 8 (June 18)") -> Bird 8 (June 18) | F11: =HYPERLINK("https://drive.google.com/file/d/1MEkqIrIWhF_0mYMOsXNOzAIh9pgjU3Gl/view","Bird 9 (June 18)") -> Bird 9 (June 18) | G11: =HYPERLINK("https://drive.google.com/file/d/1R9JBAbCcuDfomerQa4jeznZIlucukwev/view","Bird 25 (June 18)") -> Bird 25 (June 18)
A12: Mealy Parrot | B12: Amazona farinosa | C12: =COUNTIF('All Recordings'!$F$2:$F$65,"*Mealy Parrot*") -> 3 | E12: =HYPERLINK("https://drive.google.com/file/d/1ObGDqOUup6sxeMNzDhu8nbJHMGqUlC_r/view","Bird 26 (June 18)") -> Bird 26 (June 18) | F12: =HYPERLINK("https://drive.google.com/file/d/1Ol_wa-unD9U-uJHWGHcVehBqKP3AVeRi/view","Bird 28 (June 18)") -> Bird 28 (June 18) | G12: =HYPERLINK("https://drive.google.com/file/d/1MMDv4CjtGOm8sMvkfMogyWiADOA3w6eA/view","Bird 37 (June 18)") -> Bird 37 (June 18)
A13: Lesser Greenlet | B13: Pachysylvia decurtata | C13: =COUNTIF('All Recordings'!$F$2:$F$65,"*Lesser Greenlet*") -> 2 | E13: =HYPERLINK("https://drive.google.com/file/d/1MhCNjxmYrH5vqJ3vfYqC7l6w47aL8lBw/view","Bird 36 (June 18)") -> Bird 36 (June 18) | F13: =HYPERLINK("https://drive.google.com/file/d/1NE9GBfwap16oD5vnRI_UBifaTvNuQgbP/view","Bird 41 (June 18)") -> Bird 41 (June 18)
A14: Northern Barred-Woodcreeper | B14: Dendrocolaptes sanctithomae | C14: =COUNTIF('All Recordings'!$F$2:$F$65,"*Northern Barred-Woodcreeper*") -> 2 | E14: =HYPERLINK("https://drive.google.com/file/d/1OUogRQYoSpr4TWydvvpZiuw8eAWS67p1/view","Bird 10 (June 18)") -> Bird 10 (June 18) | F14: =HYPERLINK("https://drive.google.com/file/d/1O8C_t3_fUO9Lc-cPBDkr7nq4tkvbUBE6/view","Bird 30 (June 18)") -> Bird 30 (June 18)
A15: Rufous Motmot | B15: Baryphthengus martii | C15: =COUNTIF('All Recordings'!$F$2:$F$65,"*Rufous Motmot*") -> 2 | E15: =HYPERLINK("https://drive.google.com/file/d/1OGzS2JhE_aVyrJFDGJCtSQLqqcHzZsl6/view","Bird 11 (June 18)") -> Bird 11 (June 18) | F15: =HYPERLINK("https://drive.google.com/file/d/1OOWY7xhMNbjtVmDrcX8NtDIz72P5eL9-/view","Bird 33 (June 18)") -> Bird 33 (June 18)
A16: Red-lored Parrot | B16: Amazona autumnalis | C16: =COUNTIF('All Recordings'!$F$2:$F$65,"*Red-lored Parrot*") -> 2 | D16: Both recordings flagged 'Multiple birds?' in the log | E16: =HYPERLINK("https://drive.google.com/file/d/1QUBq0yZBayf-qcmUTpUNqbKkgwxWlQcR/view","Bird 34 (June 18)") -> Bird 34 (June 18) | F16: =HYPERLINK("https://drive.google.com/file/d/1LyW8nNstobehi41CbZky7DBb4_F8QqEG/view","Bird 35 (June 18)") -> Bird 35 (June 18)
A17: Great Green Macaw | B17: Ara ambiguus | C17: =COUNTIF('All Recordings'!$F$2:$F$65,"*Great Green Macaw*") -> 1 | D17: NO clean solo recording — only an overlap with a wood-wren (Bird 15) | E17: =HYPERLINK("https://drive.google.com/file/d/1QqkobA0-Lc4BINRmcrwGLjIhdT763Zyz/view","Bird 15 (June 18)") -> Bird 15 (June 18)
A18: Chestnut-backed Antbird | B18: Poliocrania exsul | C18: =COUNTIF('All Recordings'!$F$2:$F$65,"*Chestnut-backed Antbird*") -> 1 | D18: Extract contains a second call at 11:42:09 | E18: =HYPERLINK("https://drive.google.com/file/d/1Q3SymxnsfEBVVUt5V9N8nxZi8HdgpL-o/view","Bird 38 (June 18)") -> Bird 38 (June 18)
A19: Chestnut-headed Oropendola | B19: Psarocolius wagleri | C19: =COUNTIF('All Recordings'!$F$2:$F$65,"*Chestnut-headed Oropendola*") -> 1 | D19: Single UNCERTAIN recording — log note 'Maybe oropendola?' | E19: =HYPERLINK("https://drive.google.com/file/d/1M-t9UjFkR_aaUAtqHSm64Tkhf77xvqqs/view","Bird 7 (June 17)") -> Bird 7 (June 17)
A20: Black-striped Woodcreeper | B20: Xiphorhynchus lachrymosus | C20: =COUNTIF('All Recordings'!$F$2:$F$65,"*Black-striped Woodcreeper*") -> 1 | D20: Log note: 'Unique call' | E20: =HYPERLINK("https://drive.google.com/file/d/1LLffGFQxgmunF67n6O_vL_wvlSCQ5ITb/view","Bird 9 (June 17)") -> Bird 9 (June 17)
A21: Scarlet-rumped Cacique | B21: Cacicus uropygialis | C21: =COUNTIF('All Recordings'!$F$2:$F$65,"*Scarlet-rumped Cacique*") -> 1 | E21: =HYPERLINK("https://drive.google.com/file/d/1OekFxn0YyLfJ88QXhU_ZpSXyuEwBmBmd/view","Bird 31 (June 18)") -> Bird 31 (June 18)
A22: Stripe-breasted Wren | B22: Cantorchilus thoracicus | C22: =COUNTIF('All Recordings'!$F$2:$F$65,"*Stripe-breasted Wren*") -> 1 | E22: =HYPERLINK("https://drive.google.com/file/d/1MJSD7Dg_wFW1I9ivrngTp4iqqh7l71Tx/view","Bird 32 (June 18)") -> Bird 32 (June 18)
A23: NON-BIRD SOUNDS captured in the extracts (useful as negative examples)
A24: Frogs (all) | C24: =COUNTIF('All Recordings'!$F$2:$F$65,"*Frog*") -> 17 | D24: Pristimantis, Scinax, Craugastor, Dendropsophus, Leptodactylus + 6 misfiled as 'Bird' | E24: =HYPERLINK("https://drive.google.com/file/d/1QjoOyggvPph1RYP9LO2EZnQErt6maAWX/view","Bird 17 (June 18)") -> Bird 17 (June 18) | F24: =HYPERLINK("https://drive.google.com/file/d/1LmrehfnxZCSubakCx8HpG_Awc18BQXug/view","Bird 24 (June 18)") -> Bird 24 (June 18) | G24: =HYPERLINK("https://drive.google.com/file/d/1OoB_BHni35y9fuHFXVEgJ3JTEes4_xak/view","Frog 1 (June 18)") -> Frog 1 (June 18) | H24: =HYPERLINK("https://drive.google.com/file/d/1PiBSrioOqjePkI2iYAavq8vj_FTTH2D-/view","Frog 2 (June 18)") -> Frog 2 (June 18) | I24: =HYPERLINK("https://drive.google.com/file/d/1L_LLl5qV2wyp6j25I_Bla-CfrQlbi5I3/view","Frog 3 (June 18)") -> Frog 3 (June 18) | J24: =HYPERLINK("https://drive.google.com/file/d/1QDiJtr_0ERxtQ5-TqA9cHJxeEItP01VW/view","Frog 4 (June 18)") -> Frog 4 (June 18) | K24: =HYPERLINK("https://drive.google.com/file/d/1Qj62a__PHggWmUFc23SNPHJQJLmlWki-/view","Frog 5 (June 18)") -> Frog 5 (June 18) | L24: =HYPERLINK("https://drive.google.com/file/d/1P0ezjnvvlN9fPdv0gadhju4Q-f1Bdumc/view","Frog 6 (June 18)") -> Frog 6 (June 18) | M24: =HYPERLINK("https://drive.google.com/file/d/1PUBRK_T1IHGD3L70xF5jPLUpO4UTAqga/view","Frog 7 (June 18)") -> Frog 7 (June 18) | N24: =HYPERLINK("https://drive.google.com/file/d/1POm-4Dt3M_BBI8rBVFtyLbpp7YB3qpF5/view","Frog 8 (June 18)") -> Frog 8 (June 18) | O24: =HYPERLINK("https://drive.google.com/file/d/1QbxU3MmHvJWMjcO2Z-287jnRod19ZdFn/view","Frog 9 (June 18)") -> Frog 9 (June 18) | P24: =HYPERLINK("https://drive.google.com/file/d/1MGQTLTs8LeYT0kYk4d765JLzdAgDDwSW/view","Frog 10 (June 18)") -> Frog 10 (June 18) | Q24: =HYPERLINK("https://drive.google.com/file/d/1MbNsb5RW2_REXxJ_aaQk65yYh_795kRk/view","Frog 11 (June 18)") -> Frog 11 (June 18) | R24: =HYPERLINK("https://drive.google.com/file/d/1LRwHEqyJaPtOTMNTp3c81H4rW7EzRjZh/view","BIrd 2 (June 17)") -> BIrd 2 (June 17) | S24: =HYPERLINK("https://drive.google.com/file/d/1L56X-kS23x0qYo9I5KaID6YXRMdVddGR/view","Bird 8 (June 17)") -> Bird 8 (June 17) | T24: =HYPERLINK("https://drive.google.com/file/d/1LMX7tyZq5C7oRwhZEaUHeyngz5raumqr/view","Bird 10 (June 17)") -> Bird 10 (June 17) | U24: =HYPERLINK("https://drive.google.com/file/d/1KoiGQC9QjiztyDOrzdXm5NWurbJ9ktoW/view","Bird 11 (June 17)") -> Bird 11 (June 17)
A25: Spider Monkey | B25: Ateles geoffroyi | C25: =COUNTIF('All Recordings'!$F$2:$F$65,"*Spider Monkey*") -> 1 | D25: Misfiled as 'Bird 6' in the log | E25: =HYPERLINK("https://drive.google.com/file/d/1NTWYCaxeNt_6DnJo-cNppForrrKF4gr1/view","Bird 6 (June 18)") -> Bird 6 (June 18)
A26: Insects (all) | B26: — | C26: =COUNTIF('All Recordings'!$F$2:$F$65,"*Insect*") -> 2 | D26: Cicada? (June 18 Bird 29) and cricket (June 17 Bird 5), misfiled as 'Bird' | E26: =HYPERLINK("https://drive.google.com/file/d/1QPrguGf9v5ZcVYAa6datE5E7VLwba80-/view","Bird 29 (June 18)") -> Bird 29 (June 18) | F26: =HYPERLINK("https://drive.google.com/file/d/1L4GdU1ynSLFDBfu4hrxEuO6ywWPumBkP/view","Bird 5 (June 17)") -> Bird 5 (June 17)

Sheet All Recordings
A1: File | B1: Folder | C1: Date | D1: UTC Time | E1: Label (as written in log) | F1: Species (canonical) | G1: Notes | H1: Status | I1: Drive Link
A2: Bird 1.wav | B2: June 18 | C2: 2022-06-18 | D2: 0:09:52 | E2: Great tinamou | F2: Great Tinamou | H2: Labeled | I2: =HYPERLINK("https://drive.google.com/file/d/1OLWgL-ozIaPw9gmSt2KbrXVLhmRgwsN6/view","Open in Drive") -> Open in Drive
A3: Bird 2.wav | B3: June 18 | C3: 2022-06-18 | D3: 0:13:39 | E3: Green Ibis | F3: Green Ibis | G3: Multi-band, includes crickets | H3: Labeled | I3: =HYPERLINK("https://drive.google.com/file/d/1PTf7yxHUFUPr7xcm0rpVJ0oVRyrN3l9a/view","Open in Drive") -> Open in Drive
A4: Bird 3.wav | B4: June 18 | C4: 2022-06-18 | D4: 0:16:53 | E4: Green Ibis | F4: Green Ibis | H4: Labeled | I4: =HYPERLINK("https://drive.google.com/file/d/1R5GoR5zDhvgnwl9HiltF3F69JuFsIi-x/view","Open in Drive") -> Open in Drive
A5: Bird 6.wav | B5: June 18 | C5: 2022-06-18 | D5: 10:55:38 | E5: Spider monkey | F5: Spider Monkey | G5: Not a bird (labeled 'Monkey' in log) | H5: Non-bird | I5: =HYPERLINK("https://drive.google.com/file/d/1NTWYCaxeNt_6DnJo-cNppForrrKF4gr1/view","Open in Drive") -> Open in Drive
A6: Bird 7.wav | B6: June 18 | C6: 2022-06-18 | D6: 10:58:35 | E6: Green Ibis | F6: Green Ibis | G6: Overlaps with Bird 8 | H6: Labeled | I6: =HYPERLINK("https://drive.google.com/file/d/1Lj4AhqhgrC6NLnIM5cWfFpkcMOvLgFLJ/view","Open in Drive") -> Open in Drive
A7: Bird 8.wav | B7: June 18 | C7: 2022-06-18 | D7: 10:58:47 | E7: Broad-billed Motmot | F7: Broad-billed Motmot | G7: Overlaps with Bird 7 | H7: Labeled | I7: =HYPERLINK("https://drive.google.com/file/d/1N0hh-DcQUJqNcyiLik9hi1A2VhCdALJe/view","Open in Drive") -> Open in Drive
A8: Bird 9.wav | B8: June 18 | C8: 2022-06-18 | D8: 11:02:10 | E8: Broad-billed Motmot | F8: Broad-billed Motmot | H8: Labeled | I8: =HYPERLINK("https://drive.google.com/file/d/1MEkqIrIWhF_0mYMOsXNOzAIh9pgjU3Gl/view","Open in Drive") -> Open in Drive
A9: Bird 10.wav | B9: June 18 | C9: 2022-06-18 | D9: 11:02:37 | E9: Northern barred woodcreeper | F9: Northern Barred-Woodcreeper | H9: Labeled | I9: =HYPERLINK("https://drive.google.com/file/d/1OUogRQYoSpr4TWydvvpZiuw8eAWS67p1/view","Open in Drive") -> Open in Drive
A10: Bird 11.wav | B10: June 18 | C10: 2022-06-18 | D10: 11:05:43 | E10: Rufous Motmot | F10: Rufous Motmot | H10: Labeled | I10: =HYPERLINK("https://drive.google.com/file/d/1OGzS2JhE_aVyrJFDGJCtSQLqqcHzZsl6/view","Open in Drive") -> Open in Drive
A11: Bird 12.wav | B11: June 18 | C11: 2022-06-18 | D11: 11:10:02 | E11: White breasted wood wren | F11: White-breasted Wood-Wren | G11: Same call as Bird 13 (duplicate) | H11: Labeled | I11: =HYPERLINK("https://drive.google.com/file/d/1Ph30uo9N5juiSDqbCtfE5uVHUYuCKU2M/view","Open in Drive") -> Open in Drive
A12: Bird 13.wav | B12: June 18 | C12: 2022-06-18 | D12: 11:10:03 | E12: White breasted wood wren | F12: White-breasted Wood-Wren | G12: Same call as Bird 12 (duplicate) | H12: Labeled | I12: =HYPERLINK("https://drive.google.com/file/d/1LvbwVMJSpY5jFOaFXA3jeoTf49hpxVyJ/view","Open in Drive") -> Open in Drive
A13: Bird 14.wav | B13: June 18 | C13: 2022-06-18 | D13: 11:10:13 | E13: White breasted wood wren | F13: White-breasted Wood-Wren | G13: Partial extract | H13: Labeled | I13: =HYPERLINK("https://drive.google.com/file/d/1OS_MC9AClW2o7uiAbNizmeUIM8YOk-ME/view","Open in Drive") -> Open in Drive
A14: Bird 15.wav | B14: June 18 | C14: 2022-06-18 | D14: 11:11:02 | E14: Green macaw & white breasted wood wren | F14: Great Green Macaw; White-breasted Wood-Wren | G14: Two species overlap | H14: Labeled | I14: =HYPERLINK("https://drive.google.com/file/d/1QqkobA0-Lc4BINRmcrwGLjIhdT763Zyz/view","Open in Drive") -> Open in Drive
A15: Bird 16.wav | B15: June 18 | C15: 2022-06-18 | D15: 11:11:46 | E15: Yellow-throated toucan | F15: Yellow-throated Toucan | H15: Labeled | I15: =HYPERLINK("https://drive.google.com/file/d/1Q7Wnzi5nPYZxjBQw_UVV66coNOw_Q103/view","Open in Drive") -> Open in Drive
A16: Bird 17.wav | B16: June 18 | C16: 2022-06-18 | D16: 11:13:08 | E16: (blank) | F16: Frog (unidentified) | G16: Log note: 'Frog' — not a bird | H16: Non-bird | I16: =HYPERLINK("https://drive.google.com/file/d/1QjoOyggvPph1RYP9LO2EZnQErt6maAWX/view","Open in Drive") -> Open in Drive
A17: Bird 18.wav | B17: June 18 | C17: 2022-06-18 | D17: 11:13:11 | E17: White breasted wood wren | F17: White-breasted Wood-Wren | H17: Labeled | I17: =HYPERLINK("https://drive.google.com/file/d/1OXZFPhXO1LgFl3th7S50pZVXMDHBMPTw/view","Open in Drive") -> Open in Drive
A18: Bird 19.wav | B18: June 18 | C18: 2022-06-18 | D18: 11:13:17 | E18: Yellow-throated toucan / great tinamou | F18: Yellow-throated Toucan; Great Tinamou | G18: Uncertain — 'Very busy, multiple species?' | H18: Labeled | I18: =HYPERLINK("https://drive.google.com/file/d/1OY-WA3n0_QCTuOpvgbACXfN0KXTtswxq/view","Open in Drive") -> Open in Drive
A19: Bird 20.wav | B19: June 18 | C19: 2022-06-18 | D19: 11:14:32 | E19: White breasted wood wren | F19: White-breasted Wood-Wren | H19: Labeled | I19: =HYPERLINK("https://drive.google.com/file/d/1R5BJDlpF1thNjqQgqqBeEDpiMgxUGm6v/view","Open in Drive") -> Open in Drive
A20: Bird 21.wav | B20: June 18 | C20: 2022-06-18 | D20: 11:15:00 | E20: Yellow-throated toucan | F20: Yellow-throated Toucan | H20: Labeled | I20: =HYPERLINK("https://drive.google.com/file/d/1LcqhEZ_t2VLNPm0QelcUh-Ybnwzjia9S/view","Open in Drive") -> Open in Drive
A21: Bird 22.wav | B21: June 18 | C21: 2022-06-18 | D21: 11:16:22 | E21: Yellow-throated toucan | F21: Yellow-throated Toucan | H21: Labeled | I21: =HYPERLINK("https://drive.google.com/file/d/1NEmCYDzlcH7dpiFoRjCPwuOitRrtrBDz/view","Open in Drive") -> Open in Drive
A22: Bird 23.wav | B22: June 18 | C22: 2022-06-18 | D22: 11:16:23 | E22: White breasted wood wren | F22: White-breasted Wood-Wren | H22: Labeled | I22: =HYPERLINK("https://drive.google.com/file/d/1PhLzPtk__JKJogT9oN79sUfwx0JfjITz/view","Open in Drive") -> Open in Drive
A23: Bird 24.wav | B23: June 18 | C23: 2022-06-18 | D23: 11:17:21 | E23: (blank) | F23: Frog (Common rain frog) | G23: Log note: 'Common rain frog' — not a bird | H23: Non-bird | I23: =HYPERLINK("https://drive.google.com/file/d/1LmrehfnxZCSubakCx8HpG_Awc18BQXug/view","Open in Drive") -> Open in Drive
A24: Bird 25.wav | B24: June 18 | C24: 2022-06-18 | D24: 11:17:23 | E24: Broad-billed Motmot | F24: Broad-billed Motmot | H24: Labeled | I24: =HYPERLINK("https://drive.google.com/file/d/1R9JBAbCcuDfomerQa4jeznZIlucukwev/view","Open in Drive") -> Open in Drive
A25: Bird 26.wav | B25: June 18 | C25: 2022-06-18 | D25: 11:17:43 | E25: Mealy parrot | F25: Mealy Parrot | H25: Labeled | I25: =HYPERLINK("https://drive.google.com/file/d/1ObGDqOUup6sxeMNzDhu8nbJHMGqUlC_r/view","Open in Drive") -> Open in Drive
A26: Bird 27.wav | B26: June 18 | C26: 2022-06-18 | D26: 11:19:44 | E26: White breasted wood wren (toucan in background?) | F26: White-breasted Wood-Wren | G26: Possible Yellow-throated Toucan in background (not counted for toucan) | H26: Labeled | I26: =HYPERLINK("https://drive.google.com/file/d/1LrxnHJzhh5qmOYFqXtn9fI__56GlW5Xt/view","Open in Drive") -> Open in Drive
A27: Bird 28.wav | B27: June 18 | C27: 2022-06-18 | D27: 11:19:59 | E27: Mealy parrot | F27: Mealy Parrot | H27: Labeled | I27: =HYPERLINK("https://drive.google.com/file/d/1Ol_wa-unD9U-uJHWGHcVehBqKP3AVeRi/view","Open in Drive") -> Open in Drive
A28: Bird 29.wav | B28: June 18 | C28: 2022-06-18 | D28: 11:22:07 | E28: (blank) | F28: Insect (cicada, uncertain) | G28: Log note: 'Cicada?' — probably not a bird | H28: Non-bird | I28: =HYPERLINK("https://drive.google.com/file/d/1QPrguGf9v5ZcVYAa6datE5E7VLwba80-/view","Open in Drive") -> Open in Drive
A29: Bird 30.wav | B29: June 18 | C29: 2022-06-18 | D29: 11:22:34 | E29: Northern barred woodcreeper | F29: Northern Barred-Woodcreeper | H29: Labeled | I29: =HYPERLINK("https://drive.google.com/file/d/1O8C_t3_fUO9Lc-cPBDkr7nq4tkvbUBE6/view","Open in Drive") -> Open in Drive
A30: Bird 31.wav | B30: June 18 | C30: 2022-06-18 | D30: 11:26:16 | E30: Scarlet rumped cacique | F30: Scarlet-rumped Cacique | H30: Labeled | I30: =HYPERLINK("https://drive.google.com/file/d/1OekFxn0YyLfJ88QXhU_ZpSXyuEwBmBmd/view","Open in Drive") -> Open in Drive
A31: Bird 32.wav | B31: June 18 | C31: 2022-06-18 | D31: 11:29:58 | E31: Stripe breasted wren | F31: Stripe-breasted Wren | H31: Labeled | I31: =HYPERLINK("https://drive.google.com/file/d/1MJSD7Dg_wFW1I9ivrngTp4iqqh7l71Tx/view","Open in Drive") -> Open in Drive
A32: Bird 33.wav | B32: June 18 | C32: 2022-06-18 | D32: 11:32:11 | E32: Rufous Motmot | F32: Rufous Motmot | H32: Labeled | I32: =HYPERLINK("https://drive.google.com/file/d/1OOWY7xhMNbjtVmDrcX8NtDIz72P5eL9-/view","Open in Drive") -> Open in Drive
A33: Bird 34.wav | B33: June 18 | C33: 2022-06-18 | D33: 11:37:54 | E33: Great tinamou / red lored parrot / white breasted wood wren | F33: Great Tinamou; Red-lored Parrot; White-breasted Wood-Wren | G33: Uncertain — 'Multiple birds?' | H33: Labeled | I33: =HYPERLINK("https://drive.google.com/file/d/1QUBq0yZBayf-qcmUTpUNqbKkgwxWlQcR/view","Open in Drive") -> Open in Drive
A34: Bird 35.wav | B34: June 18 | C34: 2022-06-18 | D34: 11:38:20 | E34: Red lore parrot | F34: Red-lored Parrot | G34: Uncertain — 'Multiple birds?' | H34: Labeled | I34: =HYPERLINK("https://drive.google.com/file/d/1LyW8nNstobehi41CbZky7DBb4_F8QqEG/view","Open in Drive") -> Open in Drive
A35: Bird 36.wav | B35: June 18 | C35: 2022-06-18 | D35: 11:38:48 | E35: Lesser greenlet (vireo) | F35: Lesser Greenlet | H35: Labeled | I35: =HYPERLINK("https://drive.google.com/file/d/1MhCNjxmYrH5vqJ3vfYqC7l6w47aL8lBw/view","Open in Drive") -> Open in Drive
A36: Bird 37.wav | B36: June 18 | C36: 2022-06-18 | D36: 11:39:45 | E36: Mealy parrot | F36: Mealy Parrot | H36: Labeled | I36: =HYPERLINK("https://drive.google.com/file/d/1MMDv4CjtGOm8sMvkfMogyWiADOA3w6eA/view","Open in Drive") -> Open in Drive
A37: Bird 38.wav | B37: June 18 | C37: 2022-06-18 | D37: 11:41:55 | E37: Chestnut backed antbird | F37: Chestnut-backed Antbird | G37: Second call at 11:42:09 in same extract | H37: Labeled | I37: =HYPERLINK("https://drive.google.com/file/d/1Q3SymxnsfEBVVUt5V9N8nxZi8HdgpL-o/view","Open in Drive") -> Open in Drive
A38: Bird 39.wav | B38: June 18 | C38: 2022-06-18 | D38: 11:45:07 | E38: White breasted wood wren | F38: White-breasted Wood-Wren | H38: Labeled | I38: =HYPERLINK("https://drive.google.com/file/d/1Qv_nkcoFKxVy1IBnttHjFCPico1twY7v/view","Open in Drive") -> Open in Drive
A39: Bird 40.wav | B39: June 18 | C39: 2022-06-18 | D39: 11:55:14 | E39: White breasted wood wren | F39: White-breasted Wood-Wren | H39: Labeled | I39: =HYPERLINK("https://drive.google.com/file/d/1NP93wRtaAaKQ7bc9oz67Jlx7W5FeIdPc/view","Open in Drive") -> Open in Drive
A40: 20220601_000000_wb wren.wav | B40: June 18 | C40: 2022-06-18 | E40: wb wren (filename) | F40: White-breasted Wood-Wren | G40: Labeled via filename, not the log; source WAV named 20220601 (device clock artifact?) | H40: Labeled | I40: =HYPERLINK("https://drive.google.com/file/d/1Pdak2ABC1pdXnWuGrIDdbvrtHIb5_PYc/view","Open in Drive") -> Open in Drive
A41: 20220601_000000_wb wren v2.wav | B41: June 18 | C41: 2022-06-18 | E41: wb wren v2 (filename) | F41: White-breasted Wood-Wren | G41: Labeled via filename, not the log; alternate cut of the same extract | H41: Labeled | I41: =HYPERLINK("https://drive.google.com/file/d/1Q0A4vLRAdI6mQLwBmkFzxUuEqfXCWdDS/view","Open in Drive") -> Open in Drive
A42: Bird 41.wav | B42: June 18 | C42: 2022-06-18 | D42: 11:57:43 | E42: Lesser greenlet (vireo) | F42: Lesser Greenlet | H42: Labeled | I42: =HYPERLINK("https://drive.google.com/file/d/1NE9GBfwap16oD5vnRI_UBifaTvNuQgbP/view","Open in Drive") -> Open in Drive
A43: Bird 42.wav | B43: June 18 | C43: 2022-06-18 | D43: 11:58:37 | E43: White breasted wood wren | F43: White-breasted Wood-Wren | H43: Labeled | I43: =HYPERLINK("https://drive.google.com/file/d/1MWzw36_cmZLLiT1hGwv6ZcytA7OpsaR_/view","Open in Drive") -> Open in Drive
A44: Frog 1.wav | B44: June 18 | C44: 2022-06-18 | D44: 0:01:05 | E44: Pristimantis sp. 1 | F44: Frog (Pristimantis sp. 1) | H44: Non-bird | I44: =HYPERLINK("https://drive.google.com/file/d/1OoB_BHni35y9fuHFXVEgJ3JTEes4_xak/view","Open in Drive") -> Open in Drive
A45: Frog 2.wav | B45: June 18 | C45: 2022-06-18 | D45: 2:05:45 | E45: Scinax elaeochroa | F45: Frog (Scinax elaeochroa) | H45: Non-bird | I45: =HYPERLINK("https://drive.google.com/file/d/1PiBSrioOqjePkI2iYAavq8vj_FTTH2D-/view","Open in Drive") -> Open in Drive
A46: Frog 3.wav | B46: June 18 | C46: 2022-06-18 | D46: 3:00:00 | E46: Scinax elaeochroa/Craugastor sp1 | F46: Frog (Scinax elaeochroa / Craugastor sp. 1) | H46: Non-bird | I46: =HYPERLINK("https://drive.google.com/file/d/1L_LLl5qV2wyp6j25I_Bla-CfrQlbi5I3/view","Open in Drive") -> Open in Drive
A47: Frog 4.wav | B47: June 18 | C47: 2022-06-18 | D47: 3:07:29 | E47: Dendropsophus sp1 | F47: Frog (Dendropsophus sp. 1) | H47: Non-bird | I47: =HYPERLINK("https://drive.google.com/file/d/1QDiJtr_0ERxtQ5-TqA9cHJxeEItP01VW/view","Open in Drive") -> Open in Drive
A48: Frog 5.wav | B48: June 18 | C48: 2022-06-18 | D48: 3:55:31 | E48: Pristimantis sp 2 | F48: Frog (Pristimantis sp. 2) | H48: Non-bird | I48: =HYPERLINK("https://drive.google.com/file/d/1Qj62a__PHggWmUFc23SNPHJQJLmlWki-/view","Open in Drive") -> Open in Drive
A49: Frog 6.wav | B49: June 18 | C49: 2022-06-18 | D49: 7:35:32 | E49: Pristimantis sp3/Pristimantis sp 4 | F49: Frog (Pristimantis sp. 3 / sp. 4) | H49: Non-bird | I49: =HYPERLINK("https://drive.google.com/file/d/1P0ezjnvvlN9fPdv0gadhju4Q-f1Bdumc/view","Open in Drive") -> Open in Drive
A50: Frog 7.wav | B50: June 18 | C50: 2022-06-18 | D50: 8:05:16 | E50: Dendropsophus sp 1 /Pristimantis sp3 | F50: Frog (Dendropsophus sp. 1 / Pristimantis sp. 3) | H50: Non-bird | I50: =HYPERLINK("https://drive.google.com/file/d/1PUBRK_T1IHGD3L70xF5jPLUpO4UTAqga/view","Open in Drive") -> Open in Drive
A51: Frog 8.wav | B51: June 18 | C51: 2022-06-18 | D51: 10:26:41 | E51: Pristimantis sp3 | F51: Frog (Pristimantis sp. 3) | H51: Non-bird | I51: =HYPERLINK("https://drive.google.com/file/d/1POm-4Dt3M_BBI8rBVFtyLbpp7YB3qpF5/view","Open in Drive") -> Open in Drive
A52: Frog 9.wav | B52: June 18 | C52: 2022-06-18 | D52: 11:07:36 | E52: Leptodactylus | F52: Frog (Leptodactylus sp.) | H52: Non-bird | I52: =HYPERLINK("https://drive.google.com/file/d/1QbxU3MmHvJWMjcO2Z-287jnRod19ZdFn/view","Open in Drive") -> Open in Drive
A53: Frog 10.wav | B53: June 18 | C53: 2022-06-18 | D53: 4:23:35 | E53: (blank) | F53: Frog (unidentified) | G53: Log note: 'Frog confirmed' | H53: Non-bird | I53: =HYPERLINK("https://drive.google.com/file/d/1MGQTLTs8LeYT0kYk4d765JLzdAgDDwSW/view","Open in Drive") -> Open in Drive
A54: Frog 11.wav | B54: June 18 | C54: 2022-06-18 | D54: 10:36:05 | E54: (blank) | F54: Frog (unidentified) | G54: Log note: 'Actually Frog' | H54: Non-bird | I54: =HYPERLINK("https://drive.google.com/file/d/1MbNsb5RW2_REXxJ_aaQk65yYh_795kRk/view","Open in Drive") -> Open in Drive
A55: Bird 1.wav | B55: June 17 | C55: 2022-06-17 | D55: 22:05:25 | E55: White breasted wood wren | F55: White-breasted Wood-Wren | H55: Labeled | I55: =HYPERLINK("https://drive.google.com/file/d/1KslMZnTM4gRy19XP12qYwdDKzsKcI6CC/view","Open in Drive") -> Open in Drive
A56: BIrd 2.wav | B56: June 17 | C56: 2022-06-17 | D56: 22:20:56 | E56: Common wood frog | F56: Frog (Common wood frog) | G56: Log note: 'Clacking bird'; filename has a typo (BIrd) | H56: Non-bird | I56: =HYPERLINK("https://drive.google.com/file/d/1LRwHEqyJaPtOTMNTp3c81H4rW7EzRjZh/view","Open in Drive") -> Open in Drive
A57: Bird 3.wav | B57: June 17 | C57: 2022-06-17 | D57: 22:23:50 | E57: White breasted wood wren | F57: White-breasted Wood-Wren | G57: Very unique call | H57: Labeled | I57: =HYPERLINK("https://drive.google.com/file/d/1L54PpyWBP3mlVJ1n8Ok-ofucroo4P7f4/view","Open in Drive") -> Open in Drive
A58: Bird 4.wav | B58: June 17 | C58: 2022-06-17 | D58: 22:29:38 | E58: White breasted wood wren | F58: White-breasted Wood-Wren | H58: Labeled | I58: =HYPERLINK("https://drive.google.com/file/d/1LXATZi4KrYbpoSzRUUB9-uq4k1xPkEj9/view","Open in Drive") -> Open in Drive
A59: Bird 5.wav | B59: June 17 | C59: 2022-06-17 | D59: 22:36:11 | E59: (blank) | F59: Insect (cricket) | G59: Log note: 'Cricket' — not a bird | H59: Non-bird | I59: =HYPERLINK("https://drive.google.com/file/d/1L4GdU1ynSLFDBfu4hrxEuO6ywWPumBkP/view","Open in Drive") -> Open in Drive
A60: Bird 6.wav | B60: June 17 | C60: 2022-06-17 | D60: 23:12:50 | E60: Great tinamou | F60: Great Tinamou | H60: Labeled | I60: =HYPERLINK("https://drive.google.com/file/d/1KtQ7Yj7q43tU2lDgl8GlAoagkYVgGPhn/view","Open in Drive") -> Open in Drive
A61: Bird 7.wav | B61: June 17 | C61: 2022-06-17 | D61: 23:22:02 | E61: Chestnut headed oropendola | F61: Chestnut-headed Oropendola | G61: Uncertain — 'Maybe oropendola?' | H61: Labeled | I61: =HYPERLINK("https://drive.google.com/file/d/1M-t9UjFkR_aaUAtqHSm64Tkhf77xvqqs/view","Open in Drive") -> Open in Drive
A62: Bird 8.wav | B62: June 17 | C62: 2022-06-17 | D62: 23:23:12 | E62: (blank) | F62: Frog (two species) | G62: Log note: 'Two frog species' — not a bird | H62: Non-bird | I62: =HYPERLINK("https://drive.google.com/file/d/1L56X-kS23x0qYo9I5KaID6YXRMdVddGR/view","Open in Drive") -> Open in Drive
A63: Bird 9.wav | B63: June 17 | C63: 2022-06-17 | D63: 23:24:17 | E63: Black striped woodcreeper | F63: Black-striped Woodcreeper | G63: Unique call | H63: Labeled | I63: =HYPERLINK("https://drive.google.com/file/d/1LLffGFQxgmunF67n6O_vL_wvlSCQ5ITb/view","Open in Drive") -> Open in Drive
A64: Bird 10.wav | B64: June 17 | C64: 2022-06-17 | D64: 23:25:00 | E64: (blank) | F64: Frog (unidentified) | G64: Log note: 'Frog' — not a bird | H64: Non-bird | I64: =HYPERLINK("https://drive.google.com/file/d/1LMX7tyZq5C7oRwhZEaUHeyngz5raumqr/view","Open in Drive") -> Open in Drive
A65: Bird 11.wav | B65: June 17 | C65: 2022-06-17 | D65: 23:25:10 | E65: (blank) | F65: Frog (unidentified) | G65: Log note: 'Frog' — not a bird | H65: Non-bird | I65: =HYPERLINK("https://drive.google.com/file/d/1KoiGQC9QjiztyDOrzdXm5NWurbJ9ktoW/view","Open in Drive") -> Open in Drive

Sheet Splits & Clips
A1: Pre-made splits in the shared Drive folder (censused 2026-09-15)
A2: Every split file, itemized. Two Hour: 48 kHz WAV cuts covering Jun 17 12:00 → Jun 18 12:00 UTC (= Jun 17 06:00 → Jun 18 06:00 local, one full local day). One Minute: 50 FLAC clips per day for June 15–18, covering ONLY the first 50 minutes after 00:00 UTC (= 18:00–18:50 local the previous evening).
A4: File | B4: Group | C4: UTC window | D4: Local window (UTC-6) | E4: Format | F4: Drive Link
A5: Two Hour — 12 WAV files
A6: 06_17_22_1200_1400.wav | B6: Two Hour | C6: 2022-06-17 12:00–14:00 | D6: 06:00–08:00 | E6: WAV 48 kHz | F6: =HYPERLINK("https://drive.google.com/file/d/1Z43GS5sWctg2Nxn40MU8QxmbRiodLI_q/view","Open in Drive") -> Open in Drive
A7: 06_17_22_1400_1600.wav | B7: Two Hour | C7: 2022-06-17 14:00–16:00 | D7: 08:00–10:00 | E7: WAV 48 kHz | F7: =HYPERLINK("https://drive.google.com/file/d/1YxfPPSde-s_jqi0kh95x-6rvxNwP1JUP/view","Open in Drive") -> Open in Drive
A8: 06_17_22_1600_1800.wav | B8: Two Hour | C8: 2022-06-17 16:00–18:00 | D8: 10:00–12:00 | E8: WAV 48 kHz | F8: =HYPERLINK("https://drive.google.com/file/d/1Z_VVLqPhODjBPOSb2FJgSvBgIWZxGMUC/view","Open in Drive") -> Open in Drive
A9: 06_17_22_1800_2000.wav | B9: Two Hour | C9: 2022-06-17 18:00–20:00 | D9: 12:00–14:00 | E9: WAV 48 kHz | F9: =HYPERLINK("https://drive.google.com/file/d/1YvpxUzD4Dr9lRndnbL8U0JkYRgOv_o8t/view","Open in Drive") -> Open in Drive
A10: 06_17_22_2000_2200.wav | B10: Two Hour | C10: 2022-06-17 20:00–22:00 | D10: 14:00–16:00 | E10: WAV 48 kHz | F10: =HYPERLINK("https://drive.google.com/file/d/1YzScCbCE9Q_xWakkSsY-d77qHcZMaf28/view","Open in Drive") -> Open in Drive
A11: 06_17_22_2200_2400.wav | B11: Two Hour | C11: 2022-06-17 22:00–24:00 | D11: 16:00–18:00 | E11: WAV 48 kHz | F11: =HYPERLINK("https://drive.google.com/file/d/1ZcWJdWDFHWH9-LH1oKsNtajny3v88e8u/view","Open in Drive") -> Open in Drive
A12: 06_18_22_0000-0200.wav | B12: Two Hour | C12: 2022-06-18 00:00–02:00 | D12: 18:00–20:00 (prev. day) | E12: WAV 48 kHz | F12: =HYPERLINK("https://drive.google.com/file/d/1Z_p54QnHLoyigQlMBwL8XT398xJnNmqS/view","Open in Drive") -> Open in Drive
A13: 06_18_22_0200-0400.wav | B13: Two Hour | C13: 2022-06-18 02:00–04:00 | D13: 20:00–22:00 (prev. day) | E13: WAV 48 kHz | F13: =HYPERLINK("https://drive.google.com/file/d/1ZQsgIlKlVvdeXykS6TOimQwoQdKYSJrU/view","Open in Drive") -> Open in Drive
A14: 06_18_22_0400_0600.wav | B14: Two Hour | C14: 2022-06-18 04:00–06:00 | D14: 22:00–00:00 (prev. day) | E14: WAV 48 kHz | F14: =HYPERLINK("https://drive.google.com/file/d/1ZNLMI5V2YdZu_uwgC66RuSim3pyByn4G/view","Open in Drive") -> Open in Drive
A15: 06_18_22_0600_0800.wav | B15: Two Hour | C15: 2022-06-18 06:00–08:00 | D15: 00:00–02:00 | E15: WAV 48 kHz | F15: =HYPERLINK("https://drive.google.com/file/d/1Yii_RCqjhhKVtauLb4Nou9subwoHaP-D/view","Open in Drive") -> Open in Drive
A16: 06_18_22_0800_1000.wav | B16: Two Hour | C16: 2022-06-18 08:00–10:00 | D16: 02:00–04:00 | E16: WAV 48 kHz | F16: =HYPERLINK("https://drive.google.com/file/d/1YxNm4qu3YpxxOl_CZcYVjRw0tb1X0TDX/view","Open in Drive") -> Open in Drive
A17: 06_18_22_1000_1200.wav | B17: Two Hour | C17: 2022-06-18 10:00–12:00 | D17: 04:00–06:00 | E17: WAV 48 kHz | F17: =HYPERLINK("https://drive.google.com/file/d/1ZKeuha3WuQsveRwMnN-oc6FLNpU3BqTI/view","Open in Drive") -> Open in Drive
A18: One Minute — June 15 (50 clips, June 15 00:00–00:50 UTC = June 14 18:00–18:50 local)
A19: 20220615_000002_001.flac | B19: One Minute / June 15 | C19: 00:00–00:01 UTC (+2 s) | D19: 18:00–18:01 prev. day | E19: FLAC | F19: =HYPERLINK("https://drive.google.com/file/d/1IvqGdLsX0SR_JELaZsurwz64HSPASmXZ/view","Open in Drive") -> Open in Drive
A20: 20220615_000002_002.flac | B20: One Minute / June 15 | C20: 00:01–00:02 UTC (+2 s) | D20: 18:01–18:02 prev. day | E20: FLAC | F20: =HYPERLINK("https://drive.google.com/file/d/1Fj2Fh43x5e7O0M8vy-E2HF8BQv8QM7jF/view","Open in Drive") -> Open in Drive
A21: 20220615_000002_003.flac | B21: One Minute / June 15 | C21: 00:02–00:03 UTC (+2 s) | D21: 18:02–18:03 prev. day | E21: FLAC | F21: =HYPERLINK("https://drive.google.com/file/d/1TRZ33sO7ooY6gjJG3b4EIeHe78XYSKbU/view","Open in Drive") -> Open in Drive
A22: 20220615_000002_004.flac | B22: One Minute / June 15 | C22: 00:03–00:04 UTC (+2 s) | D22: 18:03–18:04 prev. day | E22: FLAC | F22: =HYPERLINK("https://drive.google.com/file/d/1YaFJQ2wQg6kafn3T5O8VN0U9v6IKQdAv/view","Open in Drive") -> Open in Drive
A23: 20220615_000002_005.flac | B23: One Minute / June 15 | C23: 00:04–00:05 UTC (+2 s) | D23: 18:04–18:05 prev. day | E23: FLAC | F23: =HYPERLINK("https://drive.google.com/file/d/1Gkg4h7lS9-6Ztq3CPvSbPBCeHZbpsJBR/view","Open in Drive") -> Open in Drive
A24: 20220615_000002_006.flac | B24: One Minute / June 15 | C24: 00:05–00:06 UTC (+2 s) | D24: 18:05–18:06 prev. day | E24: FLAC | F24: =HYPERLINK("https://drive.google.com/file/d/1HbDMX0V7tXQxjRPW7OXISgsRfc3Sfpqc/view","Open in Drive") -> Open in Drive
A25: 20220615_000002_007.flac | B25: One Minute / June 15 | C25: 00:06–00:07 UTC (+2 s) | D25: 18:06–18:07 prev. day | E25: FLAC | F25: =HYPERLINK("https://drive.google.com/file/d/1diRnFaO924lUqGOKX9K-VdFR_lRtYt8d/view","Open in Drive") -> Open in Drive
A26: 20220615_000002_008.flac | B26: One Minute / June 15 | C26: 00:07–00:08 UTC (+2 s) | D26: 18:07–18:08 prev. day | E26: FLAC | F26: =HYPERLINK("https://drive.google.com/file/d/1bO1HZwBZJOpD5W1ipM-dKcnl00FjFIe7/view","Open in Drive") -> Open in Drive
A27: 20220615_000002_009.flac | B27: One Minute / June 15 | C27: 00:08–00:09 UTC (+2 s) | D27: 18:08–18:09 prev. day | E27: FLAC | F27: =HYPERLINK("https://drive.google.com/file/d/1Uys4XowtsQxXfLmOLRyR2pnpr5xxAwj6/view","Open in Drive") -> Open in Drive
A28: 20220615_000002_010.flac | B28: One Minute / June 15 | C28: 00:09–00:10 UTC (+2 s) | D28: 18:09–18:10 prev. day | E28: FLAC | F28: =HYPERLINK("https://drive.google.com/file/d/1GijhL1yKyxGo3hBlLEq-ya5ah3fb9qyh/view","Open in Drive") -> Open in Drive
A29: 20220615_000002_011.flac | B29: One Minute / June 15 | C29: 00:10–00:11 UTC (+2 s) | D29: 18:10–18:11 prev. day | E29: FLAC | F29: =HYPERLINK("https://drive.google.com/file/d/1ptDTorWVAllbXLRGiib_jltXtF60gyok/view","Open in Drive") -> Open in Drive
A30: 20220615_000002_012.flac | B30: One Minute / June 15 | C30: 00:11–00:12 UTC (+2 s) | D30: 18:11–18:12 prev. day | E30: FLAC | F30: =HYPERLINK("https://drive.google.com/file/d/1TGqVaydL99WBLkVH-wLDvScPUS6JoNeA/view","Open in Drive") -> Open in Drive
A31: 20220615_000002_013.flac | B31: One Minute / June 15 | C31: 00:12–00:13 UTC (+2 s) | D31: 18:12–18:13 prev. day | E31: FLAC | F31: =HYPERLINK("https://drive.google.com/file/d/1QrmQ3CLeZLylOteJv0h_P2ExEXha2S58/view","Open in Drive") -> Open in Drive
A32: 20220615_000002_014.flac | B32: One Minute / June 15 | C32: 00:13–00:14 UTC (+2 s) | D32: 18:13–18:14 prev. day | E32: FLAC | F32: =HYPERLINK("https://drive.google.com/file/d/16T4qXw9KYFqtjVLGJz2PaGb8Tap2nzYs/view","Open in Drive") -> Open in Drive
A33: 20220615_000002_015.flac | B33: One Minute / June 15 | C33: 00:14–00:15 UTC (+2 s) | D33: 18:14–18:15 prev. day | E33: FLAC | F33: =HYPERLINK("https://drive.google.com/file/d/12Qt3k-3G5vRkzy3LCQ4Y6KCnOsW1q5dh/view","Open in Drive") -> Open in Drive
A34: 20220615_000002_016.flac | B34: One Minute / June 15 | C34: 00:15–00:16 UTC (+2 s) | D34: 18:15–18:16 prev. day | E34: FLAC | F34: =HYPERLINK("https://drive.google.com/file/d/1Rava7D4UnHr2csMsjRT7_I5i_sGoh30I/view","Open in Drive") -> Open in Drive
A35: 20220615_000002_017.flac | B35: One Minute / June 15 | C35: 00:16–00:17 UTC (+2 s) | D35: 18:16–18:17 prev. day | E35: FLAC | F35: =HYPERLINK("https://drive.google.com/file/d/1PPa5nr97BcZlYnp6W50EpDrx4-yn7m2g/view","Open in Drive") -> Open in Drive
A36: 20220615_000002_018.flac | B36: One Minute / June 15 | C36: 00:17–00:18 UTC (+2 s) | D36: 18:17–18:18 prev. day | E36: FLAC | F36: =HYPERLINK("https://drive.google.com/file/d/1Mn9hQ63TeDN1QKeq8a1NtUjBSIWn2To8/view","Open in Drive") -> Open in Drive
A37: 20220615_000002_019.flac | B37: One Minute / June 15 | C37: 00:18–00:19 UTC (+2 s) | D37: 18:18–18:19 prev. day | E37: FLAC | F37: =HYPERLINK("https://drive.google.com/file/d/1_zypMx3kHrbhEc2tLwkj5H_Pl4bASvV_/view","Open in Drive") -> Open in Drive
A38: 20220615_000002_020.flac | B38: One Minute / June 15 | C38: 00:19–00:20 UTC (+2 s) | D38: 18:19–18:20 prev. day | E38: FLAC | F38: =HYPERLINK("https://drive.google.com/file/d/1onK5KirDG1rA9F_zzr90w7F7bX5fMXPH/view","Open in Drive") -> Open in Drive
A39: 20220615_000002_021.flac | B39: One Minute / June 15 | C39: 00:20–00:21 UTC (+2 s) | D39: 18:20–18:21 prev. day | E39: FLAC | F39: =HYPERLINK("https://drive.google.com/file/d/1H_EbB9jJNB1Jzjy_XDdpL-ZW-IVLNjWI/view","Open in Drive") -> Open in Drive
A40: 20220615_000002_022.flac | B40: One Minute / June 15 | C40: 00:21–00:22 UTC (+2 s) | D40: 18:21–18:22 prev. day | E40: FLAC | F40: =HYPERLINK("https://drive.google.com/file/d/1KCn8p_juLVKtXoA0ilYaTjukGOsFTTfD/view","Open in Drive") -> Open in Drive
A41: 20220615_000002_023.flac | B41: One Minute / June 15 | C41: 00:22–00:23 UTC (+2 s) | D41: 18:22–18:23 prev. day | E41: FLAC | F41: =HYPERLINK("https://drive.google.com/file/d/1TCRFHiRVd3-xPYy2BbFia8JxcELP5mc0/view","Open in Drive") -> Open in Drive
A42: 20220615_000002_024.flac | B42: One Minute / June 15 | C42: 00:23–00:24 UTC (+2 s) | D42: 18:23–18:24 prev. day | E42: FLAC | F42: =HYPERLINK("https://drive.google.com/file/d/1aKu0KW4v2AJvZIFQ81hdd6GZnOJDEC8o/view","Open in Drive") -> Open in Drive
A43: 20220615_000002_025.flac | B43: One Minute / June 15 | C43: 00:24–00:25 UTC (+2 s) | D43: 18:24–18:25 prev. day | E43: FLAC | F43: =HYPERLINK("https://drive.google.com/file/d/1OmMbXoe27SBHXkLqQfYxANjoeM7mPDAP/view","Open in Drive") -> Open in Drive
A44: 20220615_000002_026.flac | B44: One Minute / June 15 | C44: 00:25–00:26 UTC (+2 s) | D44: 18:25–18:26 prev. day | E44: FLAC | F44: =HYPERLINK("https://drive.google.com/file/d/1Fjz6l90_oSyatszG9udY1Y3zjX_wpX9j/view","Open in Drive") -> Open in Drive
A45: 20220615_000002_027.flac | B45: One Minute / June 15 | C45: 00:26–00:27 UTC (+2 s) | D45: 18:26–18:27 prev. day | E45: FLAC | F45: =HYPERLINK("https://drive.google.com/file/d/1PZrUHljxQ-BGhge7tNr6IJQVjt0-QGjh/view","Open in Drive") -> Open in Drive
A46: 20220615_000002_028.flac | B46: One Minute / June 15 | C46: 00:27–00:28 UTC (+2 s) | D46: 18:27–18:28 prev. day | E46: FLAC | F46: =HYPERLINK("https://drive.google.com/file/d/1yz9viSI_44MRQsc7LCaOSes6j32AVfp7/view","Open in Drive") -> Open in Drive
A47: 20220615_000002_029.flac | B47: One Minute / June 15 | C47: 00:28–00:29 UTC (+2 s) | D47: 18:28–18:29 prev. day | E47: FLAC | F47: =HYPERLINK("https://drive.google.com/file/d/1I62dOr-M-k_ULjIgtwioqweyaLWygEvH/view","Open in Drive") -> Open in Drive
A48: 20220615_000002_030.flac | B48: One Minute / June 15 | C48: 00:29–00:30 UTC (+2 s) | D48: 18:29–18:30 prev. day | E48: FLAC | F48: =HYPERLINK("https://drive.google.com/file/d/1MD3_o4ldSuaGYl0d4pLOmIWOkPDAZG6r/view","Open in Drive") -> Open in Drive
A49: 20220615_000002_031.flac | B49: One Minute / June 15 | C49: 00:30–00:31 UTC (+2 s) | D49: 18:30–18:31 prev. day | E49: FLAC | F49: =HYPERLINK("https://drive.google.com/file/d/1Zvx_yPFKRGWAktA6kzqa7nzHQoqCOx5l/view","Open in Drive") -> Open in Drive
A50: 20220615_000002_032.flac | B50: One Minute / June 15 | C50: 00:31–00:32 UTC (+2 s) | D50: 18:31–18:32 prev. day | E50: FLAC | F50: =HYPERLINK("https://drive.google.com/file/d/1D5XXbexyUnFB7jOhBqgHRt-8V3ZM0-MD/view","Open in Drive") -> Open in Drive
A51: 20220615_000002_033.flac | B51: One Minute / June 15 | C51: 00:32–00:33 UTC (+2 s) | D51: 18:32–18:33 prev. day | E51: FLAC | F51: =HYPERLINK("https://drive.google.com/file/d/1kWGE0nz4idb-W8UAkEE9_4ZiHHyGL0LE/view","Open in Drive") -> Open in Drive
A52: 20220615_000002_034.flac | B52: One Minute / June 15 | C52: 00:33–00:34 UTC (+2 s) | D52: 18:33–18:34 prev. day | E52: FLAC | F52: =HYPERLINK("https://drive.google.com/file/d/1U5Osy99qgGjnt0Up86en1Oin-mW6N3tD/view","Open in Drive") -> Open in Drive
A53: 20220615_000002_035.flac | B53: One Minute / June 15 | C53: 00:34–00:35 UTC (+2 s) | D53: 18:34–18:35 prev. day | E53: FLAC | F53: =HYPERLINK("https://drive.google.com/file/d/1ZRlP3E9r3RnWjqyV_LJ6VTCn1B5XdGpb/view","Open in Drive") -> Open in Drive
A54: 20220615_000002_036.flac | B54: One Minute / June 15 | C54: 00:35–00:36 UTC (+2 s) | D54: 18:35–18:36 prev. day | E54: FLAC | F54: =HYPERLINK("https://drive.google.com/file/d/1LdqUDX4Aop5MjdgvzbfEt7UQlJ6racm0/view","Open in Drive") -> Open in Drive
A55: 20220615_000002_037.flac | B55: One Minute / June 15 | C55: 00:36–00:37 UTC (+2 s) | D55: 18:36–18:37 prev. day | E55: FLAC | F55: =HYPERLINK("https://drive.google.com/file/d/1bni9rv6xqQR4TsS9m_0Rjjv0DhihWF_f/view","Open in Drive") -> Open in Drive
A56: 20220615_000002_038.flac | B56: One Minute / June 15 | C56: 00:37–00:38 UTC (+2 s) | D56: 18:37–18:38 prev. day | E56: FLAC | F56: =HYPERLINK("https://drive.google.com/file/d/1onxcYU4jLKoC49BGKuFO5Nt80CHb2DqI/view","Open in Drive") -> Open in Drive
A57: 20220615_000002_039.flac | B57: One Minute / June 15 | C57: 00:38–00:39 UTC (+2 s) | D57: 18:38–18:39 prev. day | E57: FLAC | F57: =HYPERLINK("https://drive.google.com/file/d/1VaZ8EkPemjG0-MTflvBh2fWsTX4B52E0/view","Open in Drive") -> Open in Drive
A58: 20220615_000002_040.flac | B58: One Minute / June 15 | C58: 00:39–00:40 UTC (+2 s) | D58: 18:39–18:40 prev. day | E58: FLAC | F58: =HYPERLINK("https://drive.google.com/file/d/1_2H4ijlfhTCzr6FvthzM8C7fiPtglufN/view","Open in Drive") -> Open in Drive
A59: 20220615_000002_041.flac | B59: One Minute / June 15 | C59: 00:40–00:41 UTC (+2 s) | D59: 18:40–18:41 prev. day | E59: FLAC | F59: =HYPERLINK("https://drive.google.com/file/d/1b-Ng3D41PHg-hSiAYsjOx5JlL4t_n8I4/view","Open in Drive") -> Open in Drive
A60: 20220615_000002_042.flac | B60: One Minute / June 15 | C60: 00:41–00:42 UTC (+2 s) | D60: 18:41–18:42 prev. day | E60: FLAC | F60: =HYPERLINK("https://drive.google.com/file/d/1LQgAICc3NNHVsPO9yP1N8_c61mLicry_/view","Open in Drive") -> Open in Drive
A61: 20220615_000002_043.flac | B61: One Minute / June 15 | C61: 00:42–00:43 UTC (+2 s) | D61: 18:42–18:43 prev. day | E61: FLAC | F61: =HYPERLINK("https://drive.google.com/file/d/1wSNKBuyR7dLSPpgXif8HDUyrsBTQZqJn/view","Open in Drive") -> Open in Drive
A62: 20220615_000002_044.flac | B62: One Minute / June 15 | C62: 00:43–00:44 UTC (+2 s) | D62: 18:43–18:44 prev. day | E62: FLAC | F62: =HYPERLINK("https://drive.google.com/file/d/1Wfd84-jCVJ54MSR_AQrFUKh0BffN_nTp/view","Open in Drive") -> Open in Drive
A63: 20220615_000002_045.flac | B63: One Minute / June 15 | C63: 00:44–00:45 UTC (+2 s) | D63: 18:44–18:45 prev. day | E63: FLAC | F63: =HYPERLINK("https://drive.google.com/file/d/1uJ4OeuScR7DXYJfl4X9nbHOhe4tWdfPb/view","Open in Drive") -> Open in Drive
A64: 20220615_000002_046.flac | B64: One Minute / June 15 | C64: 00:45–00:46 UTC (+2 s) | D64: 18:45–18:46 prev. day | E64: FLAC | F64: =HYPERLINK("https://drive.google.com/file/d/12hHG61LsSGBwbnJEHl742AMnQ_Cowgs7/view","Open in Drive") -> Open in Drive
A65: 20220615_000002_047.flac | B65: One Minute / June 15 | C65: 00:46–00:47 UTC (+2 s) | D65: 18:46–18:47 prev. day | E65: FLAC | F65: =HYPERLINK("https://drive.google.com/file/d/1H6Wev_PJGu6-8Wr2oTxs8xED_os8Z-vd/view","Open in Drive") -> Open in Drive
A66: 20220615_000002_048.flac | B66: One Minute / June 15 | C66: 00:47–00:48 UTC (+2 s) | D66: 18:47–18:48 prev. day | E66: FLAC | F66: =HYPERLINK("https://drive.google.com/file/d/1WHIcIxWziNT0oLo4YC8um4C86fAV8ROH/view","Open in Drive") -> Open in Drive
A67: 20220615_000002_049.flac | B67: One Minute / June 15 | C67: 00:48–00:49 UTC (+2 s) | D67: 18:48–18:49 prev. day | E67: FLAC | F67: =HYPERLINK("https://drive.google.com/file/d/1KjvW1NDyFBQJm9W0IxGxsroek9Xlu_4M/view","Open in Drive") -> Open in Drive
A68: 20220615_000002_050.flac | B68: One Minute / June 15 | C68: 00:49–00:50 UTC (+2 s) | D68: 18:49–18:50 prev. day | E68: FLAC | F68: =HYPERLINK("https://drive.google.com/file/d/1Uzg2i-iDw7zPyQ40iIKxJpIluXA6TsyP/view","Open in Drive") -> Open in Drive
A69: One Minute — June 16 (50 clips, June 16 00:00–00:50 UTC = June 15 18:00–18:50 local)
A70: 20220616_000002_001.flac | B70: One Minute / June 16 | C70: 00:00–00:01 UTC (+2 s) | D70: 18:00–18:01 prev. day | E70: FLAC | F70: =HYPERLINK("https://drive.google.com/file/d/1CCI1yym5ulgmxSvzl_eIMuwpjt53xXzn/view","Open in Drive") -> Open in Drive
A71: 20220616_000002_002.flac | B71: One Minute / June 16 | C71: 00:01–00:02 UTC (+2 s) | D71: 18:01–18:02 prev. day | E71: FLAC | F71: =HYPERLINK("https://drive.google.com/file/d/18Qfq1lZ7fuvBFhzeO_7dy-8q_Y2AYlvu/view","Open in Drive") -> Open in Drive
A72: 20220616_000002_003.flac | B72: One Minute / June 16 | C72: 00:02–00:03 UTC (+2 s) | D72: 18:02–18:03 prev. day | E72: FLAC | F72: =HYPERLINK("https://drive.google.com/file/d/1hyr67OQkwXVmFv4FkrKaw--Cejhg0IDm/view","Open in Drive") -> Open in Drive
A73: 20220616_000002_004.flac | B73: One Minute / June 16 | C73: 00:03–00:04 UTC (+2 s) | D73: 18:03–18:04 prev. day | E73: FLAC | F73: =HYPERLINK("https://drive.google.com/file/d/1OIzATeuFk4fEqEIgQTfqVjOyJV7kdugf/view","Open in Drive") -> Open in Drive
A74: 20220616_000002_005.flac | B74: One Minute / June 16 | C74: 00:04–00:05 UTC (+2 s) | D74: 18:04–18:05 prev. day | E74: FLAC | F74: =HYPERLINK("https://drive.google.com/file/d/1JTFzlHU02pFcoUyQPjS7Q0M73dhbbpag/view","Open in Drive") -> Open in Drive
A75: 20220616_000002_006.flac | B75: One Minute / June 16 | C75: 00:05–00:06 UTC (+2 s) | D75: 18:05–18:06 prev. day | E75: FLAC | F75: =HYPERLINK("https://drive.google.com/file/d/15lCfHyk22dz9VpdqrwPMspMu90UT_lS1/view","Open in Drive") -> Open in Drive
A76: 20220616_000002_007.flac | B76: One Minute / June 16 | C76: 00:06–00:07 UTC (+2 s) | D76: 18:06–18:07 prev. day | E76: FLAC | F76: =HYPERLINK("https://drive.google.com/file/d/1Sy5IWtLFvkpxRWTddv03THS7DI7rd6G0/view","Open in Drive") -> Open in Drive
A77: 20220616_000002_008.flac | B77: One Minute / June 16 | C77: 00:07–00:08 UTC (+2 s) | D77: 18:07–18:08 prev. day | E77: FLAC | F77: =HYPERLINK("https://drive.google.com/file/d/1v7CwQLu5Djyckqf6qufDvU3IsDeJRLze/view","Open in Drive") -> Open in Drive
A78: 20220616_000002_009.flac | B78: One Minute / June 16 | C78: 00:08–00:09 UTC (+2 s) | D78: 18:08–18:09 prev. day | E78: FLAC | F78: =HYPERLINK("https://drive.google.com/file/d/1vJjD5Q76riWPvlh1Sd5JAWya-CqW1Gs5/view","Open in Drive") -> Open in Drive
A79: 20220616_000002_010.flac | B79: One Minute / June 16 | C79: 00:09–00:10 UTC (+2 s) | D79: 18:09–18:10 prev. day | E79: FLAC | F79: =HYPERLINK("https://drive.google.com/file/d/1HB6sn-EoO8DcoYHFt-soQM0dXR1AHUnM/view","Open in Drive") -> Open in Drive
A80: 20220616_000002_011.flac | B80: One Minute / June 16 | C80: 00:10–00:11 UTC (+2 s) | D80: 18:10–18:11 prev. day | E80: FLAC | F80: =HYPERLINK("https://drive.google.com/file/d/1UGeyeR0YrT61X9Yv77zBmOiYrvF2Yy54/view","Open in Drive") -> Open in Drive
A81: 20220616_000002_012.flac | B81: One Minute / June 16 | C81: 00:11–00:12 UTC (+2 s) | D81: 18:11–18:12 prev. day | E81: FLAC | F81: =HYPERLINK("https://drive.google.com/file/d/1tVgq0rh1Fko-_J5wfDXuRy0-80_o9tMg/view","Open in Drive") -> Open in Drive
A82: 20220616_000002_013.flac | B82: One Minute / June 16 | C82: 00:12–00:13 UTC (+2 s) | D82: 18:12–18:13 prev. day | E82: FLAC | F82: =HYPERLINK("https://drive.google.com/file/d/1-S1lkFYks2r731XALASWbgtJZUlghzYe/view","Open in Drive") -> Open in Drive
A83: 20220616_000002_014.flac | B83: One Minute / June 16 | C83: 00:13–00:14 UTC (+2 s) | D83: 18:13–18:14 prev. day | E83: FLAC | F83: =HYPERLINK("https://drive.google.com/file/d/18DP96ivVAkoo2Z5o-CrBwtLh5KrDlP-9/view","Open in Drive") -> Open in Drive
A84: 20220616_000002_015.flac | B84: One Minute / June 16 | C84: 00:14–00:15 UTC (+2 s) | D84: 18:14–18:15 prev. day | E84: FLAC | F84: =HYPERLINK("https://drive.google.com/file/d/18EQuetuYwDqLqm0a92aOdvDgbPaqZjXN/view","Open in Drive") -> Open in Drive
A85: 20220616_000002_016.flac | B85: One Minute / June 16 | C85: 00:15–00:16 UTC (+2 s) | D85: 18:15–18:16 prev. day | E85: FLAC | F85: =HYPERLINK("https://drive.google.com/file/d/1Yaj4aaCMdNrBEYYNXhtyIkQB-rI5dPn8/view","Open in Drive") -> Open in Drive
A86: 20220616_000002_017.flac | B86: One Minute / June 16 | C86: 00:16–00:17 UTC (+2 s) | D86: 18:16–18:17 prev. day | E86: FLAC | F86: =HYPERLINK("https://drive.google.com/file/d/1IuPt_hsMzf0phbJpqdcs7TRaIdII0R7a/view","Open in Drive") -> Open in Drive
A87: 20220616_000002_018.flac | B87: One Minute / June 16 | C87: 00:17–00:18 UTC (+2 s) | D87: 18:17–18:18 prev. day | E87: FLAC | F87: =HYPERLINK("https://drive.google.com/file/d/1KNBEH8CvR7qv02_H2Fm4Fk71nx2HhTmw/view","Open in Drive") -> Open in Drive
A88: 20220616_000002_019.flac | B88: One Minute / June 16 | C88: 00:18–00:19 UTC (+2 s) | D88: 18:18–18:19 prev. day | E88: FLAC | F88: =HYPERLINK("https://drive.google.com/file/d/1Aze6miEsyjLq6gaCCx4gBbd99azERk8v/view","Open in Drive") -> Open in Drive
A89: 20220616_000002_020.flac | B89: One Minute / June 16 | C89: 00:19–00:20 UTC (+2 s) | D89: 18:19–18:20 prev. day | E89: FLAC | F89: =HYPERLINK("https://drive.google.com/file/d/1EfYs3fwKAb4v5PHpc6RtYgST1O1lIQ6s/view","Open in Drive") -> Open in Drive
A90: 20220616_000002_021.flac | B90: One Minute / June 16 | C90: 00:20–00:21 UTC (+2 s) | D90: 18:20–18:21 prev. day | E90: FLAC | F90: =HYPERLINK("https://drive.google.com/file/d/10zhHT_n9SsHGMXB0FH4d9Y9vHZstwk68/view","Open in Drive") -> Open in Drive
A91: 20220616_000002_022.flac | B91: One Minute / June 16 | C91: 00:21–00:22 UTC (+2 s) | D91: 18:21–18:22 prev. day | E91: FLAC | F91: =HYPERLINK("https://drive.google.com/file/d/1ajnZge7dUKgi_EToDSd2mE_WDmyllDqH/view","Open in Drive") -> Open in Drive
A92: 20220616_000002_023.flac | B92: One Minute / June 16 | C92: 00:22–00:23 UTC (+2 s) | D92: 18:22–18:23 prev. day | E92: FLAC | F92: =HYPERLINK("https://drive.google.com/file/d/1YDercs7pINp0p7UNAp8MJdfFYAW0CGwZ/view","Open in Drive") -> Open in Drive
A93: 20220616_000002_024.flac | B93: One Minute / June 16 | C93: 00:23–00:24 UTC (+2 s) | D93: 18:23–18:24 prev. day | E93: FLAC | F93: =HYPERLINK("https://drive.google.com/file/d/1bpCM0l_dlFTSeXTyGk4u-MjvZ9bjjJgV/view","Open in Drive") -> Open in Drive
A94: 20220616_000002_025.flac | B94: One Minute / June 16 | C94: 00:24–00:25 UTC (+2 s) | D94: 18:24–18:25 prev. day | E94: FLAC | F94: =HYPERLINK("https://drive.google.com/file/d/1IN2_O-hjDkNx_WsoCXGdyUHa7E_4O88g/view","Open in Drive") -> Open in Drive
A95: 20220616_000002_026.flac | B95: One Minute / June 16 | C95: 00:25–00:26 UTC (+2 s) | D95: 18:25–18:26 prev. day | E95: FLAC | F95: =HYPERLINK("https://drive.google.com/file/d/1JSIKbNDgeuRwKBcM0Dk8m2ZVCzSU1DKF/view","Open in Drive") -> Open in Drive
A96: 20220616_000002_027.flac | B96: One Minute / June 16 | C96: 00:26–00:27 UTC (+2 s) | D96: 18:26–18:27 prev. day | E96: FLAC | F96: =HYPERLINK("https://drive.google.com/file/d/1nhmjvCeOrE0YdBnogoT12McL_DGIPs55/view","Open in Drive") -> Open in Drive
A97: 20220616_000002_028.flac | B97: One Minute / June 16 | C97: 00:27–00:28 UTC (+2 s) | D97: 18:27–18:28 prev. day | E97: FLAC | F97: =HYPERLINK("https://drive.google.com/file/d/1o0WDT-YyngAZDgheBGRNqGm4WaGnpCNH/view","Open in Drive") -> Open in Drive
A98: 20220616_000002_029.flac | B98: One Minute / June 16 | C98: 00:28–00:29 UTC (+2 s) | D98: 18:28–18:29 prev. day | E98: FLAC | F98: =HYPERLINK("https://drive.google.com/file/d/1xuSWTTT3u89ZJ5S3nsFbY54wK6fxNqca/view","Open in Drive") -> Open in Drive
A99: 20220616_000002_030.flac | B99: One Minute / June 16 | C99: 00:29–00:30 UTC (+2 s) | D99: 18:29–18:30 prev. day | E99: FLAC | F99: =HYPERLINK("https://drive.google.com/file/d/1FQO575j1O4kcyKWcDFmlHLIOdJLLli9z/view","Open in Drive") -> Open in Drive
A100: 20220616_000002_031.flac | B100: One Minute / June 16 | C100: 00:30–00:31 UTC (+2 s) | D100: 18:30–18:31 prev. day | E100: FLAC | F100: =HYPERLINK("https://drive.google.com/file/d/1rs2B3fMTEp3ul2ESe1ceSdGn2jzwFvGY/view","Open in Drive") -> Open in Drive
A101: 20220616_000002_032.flac | B101: One Minute / June 16 | C101: 00:31–00:32 UTC (+2 s) | D101: 18:31–18:32 prev. day | E101: FLAC | F101: =HYPERLINK("https://drive.google.com/file/d/1GFJkzV_WmPoc1agVgSl1q0wH0IU5IHtS/view","Open in Drive") -> Open in Drive
...

Sheet Raw Audio
A1: Raw continuous recordings (the source of everything else)
A3: File | B3: Recording start (UTC, from filename) | C3: Drive Link
A4: 20220611_211116.WAV | B4: 2022-06-11 21:11:16 | C4: =HYPERLINK("https://drive.google.com/file/d/1RRgCDwHT00J9JYF2xopeHhZWzudQOX8H/view","Open in Drive") -> Open in Drive
A5: 20220612_000000.WAV | B5: 2022-06-12 00:00:00 | C5: =HYPERLINK("https://drive.google.com/file/d/1KfWpHaBlWv38IfIw5H4Ir7VHSWntqpeR/view","Open in Drive") -> Open in Drive
A6: 20220612_122541.WAV | B6: 2022-06-12 12:25:41 | C6: =HYPERLINK("https://drive.google.com/file/d/1Rm8U6gEectcHvsvxWPbSSKlUk8X2KO14/view","Open in Drive") -> Open in Drive
A7: 20220612_141537.WAV | B7: 2022-06-12 14:15:37 | C7: =HYPERLINK("https://drive.google.com/file/d/1RCf2ymgeRhy0Vdjo-vTvahFdKFFuwCxN/view","Open in Drive") -> Open in Drive
A8: 20220613_000002.WAV | B8: 2022-06-13 00:00:02 | C8: =HYPERLINK("https://drive.google.com/file/d/1RpVohSAnLNW27EasBVv5kVlyB6CaRjX2/view","Open in Drive") -> Open in Drive
A9: 20220613_122543.WAV | B9: 2022-06-13 12:25:43 | C9: =HYPERLINK("https://drive.google.com/file/d/1Rjox0Z-LLqn-pBiTNmhX6FBJ-FnU7s2O/view","Open in Drive") -> Open in Drive
A10: 20220614_113846.WAV | B10: 2022-06-14 11:38:46 | C10: =HYPERLINK("https://drive.google.com/file/d/1RkFfEDPaWO7d2U-7u9uE39KZ6ordtVUH/view","Open in Drive") -> Open in Drive
A11: 20220615_000002.WAV | B11: 2022-06-15 00:00:02 | C11: =HYPERLINK("https://drive.google.com/file/d/1RQxEfpAFMqec6BENMlBi6Xins2nbNVg7/view","Open in Drive") -> Open in Drive
A12: 20220615_122543.WAV | B12: 2022-06-15 12:25:43 | C12: =HYPERLINK("https://drive.google.com/file/d/1RrrVSisqqXqpbx-mdt9ZZjo3SzJGtJKi/view","Open in Drive") -> Open in Drive
A13: 20220616_000002.WAV | B13: 2022-06-16 00:00:02 | C13: =HYPERLINK("https://drive.google.com/file/d/1SGtIObWdymKx2Vi0tKaYbkpg24JGn4vR/view","Open in Drive") -> Open in Drive
A14: 20220616_122543.WAV | B14: 2022-06-16 12:25:43 | C14: =HYPERLINK("https://drive.google.com/file/d/1R_FvOAl9AGmlGmn_J8WeyOAxVrR9OCsz/view","Open in Drive") -> Open in Drive
A15: 20220617_000002.WAV | B15: 2022-06-17 00:00:02 | C15: =HYPERLINK("https://drive.google.com/file/d/1RiNPTEAAZcmKWLsU99gns-TH7cJu5v6d/view","Open in Drive") -> Open in Drive
A16: 20220617_122543.WAV | B16: 2022-06-17 12:25:43 | C16: =HYPERLINK("https://drive.google.com/file/d/1RnxQXyUI0bm7MryQOZk35nkGn59whh7Z/view","Open in Drive") -> Open in Drive
A17: 20220618_000002.WAV | B17: 2022-06-18 00:00:02 | C17: =HYPERLINK("https://drive.google.com/file/d/1RW_UI625BojNcSMXs1hKFh13cm6vqXew/view","Open in Drive") -> Open in Drive
A18: 20220618_122543.WAV | B18: 2022-06-18 12:25:43 | C18: =HYPERLINK("https://drive.google.com/file/d/1Qdy48k7zcMryZo4HSYJvTIk0-fzR-jCa/view","Open in Drive") -> Open in Drive
A20: Related folders & files
A21: AudioMoth CONFIG.TXT (48 kHz, continuous 00:00-24:00 UTC) | C21: =HYPERLINK("https://drive.google.com/file/d/1Rr0SQA92X6CsYy8vH61uUKopg1uKGCo5/view","Open in Drive") -> Open in Drive
A22: Splits / Two Hour (12 files — itemized on Splits & Clips sheet) | C22: =HYPERLINK("https://drive.google.com/drive/folders/1SOhgyZeOU0VfK3NwKPi4AWBuX1JKQ5Ya","Open in Drive") -> Open in Drive
A23: Splits / One Minute (4 × 50 clips — itemized on Splits & Clips sheet) | C23: =HYPERLINK("https://drive.google.com/drive/folders/1Rhnvan1qacjLfHGzfOipMOTQnVoUcXMl","Open in Drive") -> Open in Drive
A24: Species Song Extracts / June 17 (11 WAV + 6 .pkf) | C24: =HYPERLINK("https://drive.google.com/drive/folders/1Rj_qCbavX1OSLhKNA30LKvXXGu8fzo5E","Open in Drive") -> Open in Drive
A25: Species Song Extracts / June 18 (54 WAV + 39 .pkf) | C25: =HYPERLINK("https://drive.google.com/drive/folders/1RjVAd0fE8bEpYqEnfKpKC4c774m1rrMq","Open in Drive") -> Open in Drive
A26: Bird Extracts_M4.xlsx (annotation log: June 18 + June 17 evening block) | C26: =HYPERLINK("https://drive.google.com/file/d/1RIETKnniB_dIvH3T_pes1-d7_JkWbLp9/view","Open in Drive") -> Open in Drive
A27: wb wren source snippet 20220601_000000.wav (the two wb wren cuts were made from it) | C27: =HYPERLINK("https://drive.google.com/file/d/1MABNCuJSs0lgzW_lfYfnombw-FVS4hex/view","Open in Drive") -> Open in Drive
A29: Project files (hub folder — not audio data)
A30: Project hub folder 'Acoustic Bird Species Identification' | C30: =HYPERLINK("https://drive.google.com/drive/folders/1LmuECDC4NHF6rz51Pg-YWdomMfgMCBVF","Open in Drive") -> Open in Drive
A31: problem statement (Google Doc) | C31: =HYPERLINK("https://docs.google.com/document/d/1-8LlHOmHCU-kSUsMxnjxvXeZnZTsYObpMmgGl_qeJvI/edit","Open") -> Open
A32: Relevant Links (Google Doc) | C32: =HYPERLINK("https://docs.google.com/document/d/1xhY5mZbV2wYJcEMjh5qyuElizhsm39ChSJJRPZILWFw/edit","Open") -> Open
A33: Contact Info (Google Sheet) | C33: =HYPERLINK("https://docs.google.com/spreadsheets/d/1p2hQO51IKzAnFUxkebVzu8BFrtYpO294ANoYIA-3qcg/edit","Open") -> Open
A34: Project Description (image) | C34: =HYPERLINK("https://drive.google.com/file/d/17fVvwe2Gq4dqcN8_5k0zTQAAeG1MeI-t/view","Open") -> Open

Sheet About
A1: Costa Rica Site Data Summary — About this workbook
A3: Purpose: inventory of the team's OWN recordings from the Costa Rica AudioMoth deployment at La Selva Biological Station, before adding Xeno-canto or other public data.
A4: Source: Drive folder '2022-Jume-18_RegularMoth4_forest'; labels from 'Bird Extracts_M4.xlsx' (one sheet named 'June 18' holding the June 18 events, 00:01-11:58 UTC, followed by a June 17 evening block, 22:05-23:25 UTC). Full Drive census re-run 2026-09-15 by Claude.
A6: Coverage — what this workbook accounts for (every file in the shared Drive):
A7: - Species Summary + All Recordings: all 64 extract WAVs (44 labeled bird, 20 non-bird; zero unlabeled).
A8: - Splits & Clips: all 12 two-hour WAVs and all 200 one-minute FLAC clips (50 per day, June 15-18 — only the first 50 minutes after 00:00 UTC of each day, i.e. 18:00-18:50 local the previous evening).
A9: - Raw Audio: the 15 continuous WAVs, CONFIG.TXT, the wb-wren source snippet, the annotation log, and the project hub files (problem statement, links, contacts, image).
A10: - Excluded from itemization: 45 Adobe Audition .pkf peak files (6 in June 17, 39 in June 18) — display metadata, not audio; counts shown on Raw Audio sheet.
A12: How counts work (Species Summary, '# Recordings' column):
A13: - Counted with COUNTIF over the 'Species (canonical)' column on the All Recordings sheet, so counts update automatically if rows are edited there.
A14: - A recording with two species labels (e.g. Bird 15: macaw + wood-wren) counts once for EACH species.
A15: - Uncertain labels from the log ('Multiple birds?', 'Maybe oropendola?') are counted but flagged.
... A26: Sheets: 'Species Summary' (per-species counts + links), 'All Recordings' (one row per extract WAV), 'Splits & Clips' (every pre-cut chunk), 'Raw Audio' (source WAVs + related + project files). Machine-readable mirrors: manifests/drive_extracts.csv, drive_raw_audio.csv, drive_splits.csv.
