Workbook

Sheet Overview
A1: Total data summary: La Selva bird classifier
A2: Every recording the team holds, in one place: the 2022 AudioMoth site data, the Macaulay Library La Selva set and Xeno-canto set 2146. Made for model training and evaluation. ECE 534, Acoustic Bird Species Identification.
A3: Built 2026-10-01 from the laselva_v1 package (data-prep commit 3fe8b38), species_data_summary.xlsx and open_source_species_summary.xlsx. Counts are formulas over the Clips tab, so they follow any edit there.
A5: Parameters
A6: Blue cells are inputs. Formulas on the other tabs read them.
A7: Window length (s) | B7: 5 | C7: Perch 2.0 input length
A8: Max windows per clip | B8: 120 | C8: Cap used by examples/embed_perch.py (10 minutes)
A9: Priority-gap threshold | B9: 0.05 | C9: A species with no audio is a priority gap at or above this checklist share
A10: eBird checklists at La Selva | B10: 33576 | C10: Source: species/la_selva_ebird.csv, EBD_relJul-2026
A12: Project goal
A13: Turn raw rainforest audio from La Selva into a time-stamped record of which bird species were present: find the windows with bird calls, rank the likely species, and flag calls that match no known species.
A14: Plan: frozen Perch 2.0 embeddings (5 s windows at 32 kHz) with a small site-specific head trained on the clips listed here.
A16: Which species to train on
A17: The class set is not decided yet. This sheet lists every species we hold audio for. That does not mean the model needs a class for each one.
A18: Target species are the birds in the professor's site extracts (Target species column on the Species tab). They are the only species we can check against real site audio.
A19: The extracts were cut from about three hours of a recording that runs over 150 hours. eBird lists several hundred species at La Selva (eBird List tab). The recorder will pick up many birds that are not targets.
A20: The other species are here for two reasons. They teach the model what the targets are not. And they let it flag a call as unknown. A model that knows only the targets will label every other bird as one of them.
A21: Target species | B21: =COUNTIF(Species!$G:$G,"yes") -> 16 | C21: Bird species in the site extracts. One label is uncertain (Chestnut-headed Oropendola).
A22: Target species with train data | B22: =COUNTIFS(Species!$G:$G,"yes",Species!$P:$P,">0") -> 15 | C22: Great Green Macaw has none.
A23: Test clips of target species | B23: =SUMIFS(Species!$R:$R,Species!$G:$G,"yes") -> 94 | C23: Score every setup on these clips.
A25: Setup | B25: Classes trained | C25: Target species with own class | D25: Other bird species used | E25: Train clips | F25: How it works
A26: 1. Targets + other | B26: =COUNTIFS(Species!$G:$G,"yes",Species!$P:$P,">0")+COUNTIFS(Species!$E:$E,"nonbird",Species!$P:$P,">0")+IF(COUNTIF(Species!$Y:$Y,"other bird")>0,1,0) -> 21 | C26: =COUNTIFS(Species!$G:$G,"yes",Species!$P:$P,">0") -> 15 | D26: =COUNTIF(Species!$Y:$Y,"other bird") -> 192 | E26: =SUM(Species!$P:$P) -> 2229 | F26: Each target species is a class. All other birds go into one class, other bird. Non-bird groups stay as they are. Most focused. It cannot name a non-target species.
A27: 2. Core only | B27: =COUNTIFS(Species!$F:$F,"core",Species!$P:$P,">0") -> 93 | C27: =COUNTIFS(Species!$G:$G,"yes",Species!$F:$F,"core",Species!$P:$P,">0") -> 14 | D27: =COUNTIFS(Species!$F:$F,"core",Species!$E:$E,"bird",Species!$P:$P,">0")-C27 -> 76 | E27: =SUMIFS(Species!$P:$P,Species!$F:$F,"core") -> 1788 | F27: Every species with 10 or more La Selva clips is a class. Rarer species are left out of training, including any target with fewer than 10 clips.
A28: 3. All with train data | B28: =COUNTIF(Species!$P:$P,">0") -> 212 | C28: =COUNTIFS(Species!$G:$G,"yes",Species!$P:$P,">0") -> 15 | D28: =COUNTIFS(Species!$E:$E,"bird",Species!$P:$P,">0")-C28 -> 192 | E28: =SUM(Species!$P:$P) -> 2229 | F28: Every species with a train clip is a class. This is the few-shot setup. Classes with very few clips add noise.
A29: The Species tab has one column per setup. It gives the class each species maps to. Blank means the species is left out of training in that setup.
A30: How to choose: the head trains in minutes on frozen embeddings. Train all three on the same embeddings and compare them on the test clips of the target species. Suggested start: setup 2.
A32: Tabs
A33: Species | B33: One row per class. Target species, clips by source, split sizes, train windows, class weights, and the class each species maps to in each setup.
A34: Clips | B34: One row per recording from all three sources, with split, label, QC flags and path. The training list.
A35: Splits | B35: Totals by split, tier and source. Class balance.
A36: eBird List | B36: The 509 species eBird has for La Selva, with how much audio we hold for each. Use it as the allow-list at inference. Shows the coverage gaps.
A37: Site Audio | B37: The AudioMoth recordings on Drive: raw files, two-hour and one-minute splits, extract folders.
A38: Open Issues | B38: Known problems in the data and what to do about each.
A39: Data Dictionary | B39: What every column means.
A40: Data Sources | B40: Where every table came from.
A42: Key numbers
A43: Recordings listed | B43: =COUNTA(Clips!$A:$A)-1 -> 3320 | C43: All three sources
A44: Clips in train, val or test | B44: =Splits!B5+Splits!B6+Splits!B7 -> 3154 | C44: Usable, labeled to species or non-bird group
A45: Train clips | B45: =Splits!B5 -> 2229
A46: Train hours | B46: =Splits!C5 -> 50.023954
A47: Train windows (5 s) | B47: =Splits!D5 -> 33035
A48: Val clips | B48: =Splits!B6 -> 387 | C48: Core classes only
A49: Val hours | B49: =Splits!C6 -> 8.5298147
A50: Test clips | B50: =Splits!B7 -> 538
A51: Test hours | B51: =Splits!C7 -> 10.876324
A52: Classes with train data | B52: =Splits!B50 -> 212 | C52: Birds and non-bird groups. The setup 3 class count
A53: Bird classes with train data | B53: =COUNTIFS(Species!$E:$E,"bird",Species!$P:$P,">0") -> 207
A54: Test-only classes | B54: =Splits!B52 -> 41 | C54: Unknown at test time. For the open-set check
A55: Seed species | B55: =COUNTIF(Species!$H:$H,"yes") -> 14 | C55: species/seed_species.csv: the June 18 2022 log only. The target list also counts June 17
A56: Seed species with train data | B56: =COUNTIFS(Species!$H:$H,"yes",Species!$P:$P,">0") -> 13 | C56: Great Green Macaw has none
A57: Site extracts | B57: =COUNTIF(Clips!$B:$B,"site") -> 64 | C57: Labeled by hand. A sanity set, not a test set
A58: Raw site audio, hours | B58: =SUMIF('Site Audio'!$A:$A,"Raw recording",'Site Audio'!$J:$J) -> 140.36379 | C58: Estimate from file sizes. One file size is missing. Unlabeled
A59: eBird La Selva species | B59: =COUNTA('eBird List'!$A:$A)-1 -> 509
A60: eBird species with train clips | B60: =COUNTIF('eBird List'!$L:$L,"in train") -> 199
A61: eBird species with no audio | B61: =COUNTIF('eBird List'!$L:$L,"no audio")+COUNTIF('eBird List'!$L:$L,"priority gap") -> 274
A62: Priority gaps | B62: =COUNTIF('eBird List'!$L:$L,"priority gap") -> 21 | C62: No audio and common on checklists
A64: The three sources
A65: Source | B65: Recordings | C65: Hours | D65: Bird species | E65: Role | F65: Terms
A66: Site: AudioMoth at La Selva, June 11-18 2022 | B66: =Splits!B30 -> 64 | C66: not measured | D66: =Splits!G30 -> 16 | E66: The target. Extracts are a sanity check. Raw audio is what the model must run on. | F66: Team data from Dr. Brooke.
A67: Macaulay Library: La Selva hotspot L436195 | B67: =Splits!B28 -> 3179 | C67: =Splits!C28 -> 73.229127 | D67: =Splits!G28 -> 232 | E67: Main training, val and test data. Recorded at the site, 1958-2026. | F67: Research use within the team only. No redistribution. Credit "Cornell Lab of Ornithology | Macaulay Library". Cite clips as Species (ML#####).
A68: Xeno-canto set 2146: Arenal and Monteverde, July 2016 | B68: =Splits!B29 -> 77 | C68: =Splits!C29 -> 0.89774028 | D68: =Splits!G29 -> 52 | E68: Extra train clips. Other sites and elevations, so train only. | F68: CC BY-NC-SA 4.0. Credit Bobby Wilcox and the XC numbers.
A69: eBird Basic Dataset, Costa Rica (not audio) | D69: =COUNTA('eBird List'!$A:$A)-1 -> 509 | E69: Site species list. Allow-list and priors. | F69: Cite: eBird Basic Dataset. Version: EBD_relJul-2026. Cornell Lab of Ornithology, Ithaca, New York. Jul 2026.
A71: How to train from this sheet
A72: 1. Pick a class setup (Which species to train on, above). Use that setup column on the Species tab to map each label to a class.
A73: 2. Audio: download laselva_v1_audio.zip from the Drive Data folder, or copy macaulay/flac and data-prep/xc_flac from the LaCie. The unzipped folder is the audio root. Every path on the Clips tab is relative to it.
A74: 3. Format: FLAC, 32 kHz, mono, 16-bit. Perch takes 5 s windows. Pad clips under 5 s to one window. Normalize level per window.
A75: 4. Train on split = train. Choose models on val. Report on test. Never tune on test. The splits keep each session and species together, so there is no leakage.
A76: 5. Balance: use balanced class weights or balanced sampling. The Class weight column on the Species tab is for setup 3.
A77: 6. Multi-label: other_species lists other birds in a clip. Do not count them as false positives.
A78: 7. Inference: limit outputs to the eBird List tab plus Great Green Macaw.
A79: 8. Report on test, at clip level: macro ROC-AUC, class-mean average precision, top-1 overall and by tier, and open-set ROC-AUC on the test-only classes. Report the same numbers for the target species alone. See HANDOVER.md section 6.
A80: 9. Site check: run the model on the site extracts (split = site_sanity) and on the raw audio, and listen to the top detections.
A81: 10. For code, use datasets/laselva_v1/manifest.csv in the data-prep repo with scripts/load_dataset.py. It holds the same train, val and test rows as the Clips tab.

Sheet Species
A1: class_id | B1: Species | C1: Scientific name | D1: eBird code | E1: Kind | F1: Tier (laselva_v1) | G1: Target species | H1: Seed species | I1: On eBird La Selva list | J1: La Selva checklist share | K1: Site extracts | L1: Macaulay clips | M1: Xeno-canto clips | N1: Total recordings | O1: Excluded by QC | P1: Train clips | Q1: Val clips | R1: Test clips | S1: Train min | T1: Val min | U1: Test min | V1: Train windows (5 s) | W1: Class weight (setup 3) | X1: Role in splits | Y1: Setup 1: targets + other | Z1: Setup 2: core only | AA1: Setup 3: all with train data | AB1: Sessions | AC1: Recordists | AD1: Mean Macaulay rating | AE1: Multi-label clips | AF1: Short clips (<5 s) | AG1: Notes
A2: 217 | B2: White-breasted Wood-Wren | C2: Henicorhina leucosticta | D2: wbwwre1 | E2: bird | F2: core | G2: =IF(AND($E2="bird",$K2>0),"yes","") -> yes | H2: yes | I2: =IF($E2="bird",IF(COUNTIF('eBird List'!$A:$A,$B2)>0,"yes","no"),"") -> yes | J2: =IF(COUNTIF('eBird List'!$A:$A,$B2)=0,"",INDEX('eBird List'!$C:$C,MATCH($B2,'eBird List'!$A:$A,0))) -> 0.30250774 | K2: =COUNTIFS(Clips!$B:$B,"site",Clips!$F:$F,$B2)+COUNTIFS(Clips!$B:$B,"site",Clips!$O:$O,"*"&$B2&"*") -> 17 | L2: =COUNTIFS(Clips!$F:$F,$B2,Clips!$B:$B,"macaulay") -> 117 | M2: =COUNTIFS(Clips!$F:$F,$B2,Clips!$B:$B,"xeno-canto") -> 0 | N2: =K2+L2+M2 -> 134 | O2: =COUNTIFS(Clips!$F:$F,$B2,Clips!$C:$C,"excluded") -> 0 | P2: =COUNTIFS(Clips!$F:$F,$B2,Clips!$C:$C,"train") -> 81 | Q2: =COUNTIFS(Clips!$F:$F,$B2,Clips!$C:$C,"val") -> 18 | R2: =COUNTIFS(Clips!$F:$F,$B2,Clips!$C:$C,"test") -> 18 | S2: =SUMIFS(Clips!$I:$I,Clips!$F:$F,$B2,Clips!$C:$C,"train")/60 -> 92.189567 | T2: =SUMIFS(Clips!$I:$I,Clips!$F:$F,$B2,Clips!$C:$C,"val")/60 -> 17.325133 | U2: =SUMIFS(Clips!$I:$I,Clips!$F:$F,$B2,Clips!$C:$C,"test")/60 -> 7.9554167 | V2: =SUMIFS(Clips!$J:$J,Clips!$F:$F,$B2,Clips!$C:$C,"train") -> 1148 | W2: =IF(V2=0,"",Splits!$B$49/(Splits!$B$50*V2)) -> 0.13573647 | X2: =IF(P2>0,IF(AND(Q2>0,R2>0),"train + val + test",IF(R2>0,"train + test","train only")),IF(R2>0,"test only (unknown class)",IF(K2>0,"site extract only","no usable audio"))) -> train + val + test | Y2: =IF($P2=0,"",IF($E2="nonbird",$B2,IF($G2="yes",$B2,"other bird"))) -> White-breasted Wood-Wren | Z2: =IF(AND($F2="core",$P2>0),$B2,"") -> White-breasted Wood-Wren | AA2: =IF($P2>0,$B2,"") -> White-breasted Wood-Wren | AB2: 87 | AC2: 48 | AD2: =IF(COUNTIFS(Clips!$F:$F,$B2,Clips!$M:$M,">0",Clips!$C:$C,"<>excluded")=0,"",AVERAGEIFS(Clips!$M:$M,Clips!$F:$F,$B2,Clips!$M:$M,">0",Clips!$C:$C,"<>excluded")) -> 3.624359 | AE2: =COUNTIFS(Clips!$F:$F,$B2,Clips!$O:$O,"<>",Clips!$B:$B,"<>site",Clips!$C:$C,"<>excluded") -> 7 | AF2: =COUNTIFS(Clips!$F:$F,$B2,Clips!$I:$I,"<5",Clips!$C:$C,"<>excluded") -> 1 | AG2: Site: Best-covered site species, both days; one duplicate pair (Bird 12/13), one partial, two cuts labeled by filename
A3: 245 | B3: Yellow-throated Toucan | C3: Ramphastos ambiguus | D3: bkmtou1 | E3: bird | F3: core | G3: =IF(AND($E3="bird",$K3>0),"yes","") -> yes | H3: yes | I3: =IF($E3="bird",IF(COUNTIF('eBird List'!$A:$A,$B3)>0,"yes","no"),"") -> yes | J3: =IF(COUNTIF('eBird List'!$A:$A,$B3)=0,"",INDEX('eBird List'!$C:$C,MATCH($B3,'eBird List'!$A:$A,0))) -> 0.51903145 | K3: =COUNTIFS(Clips!$B:$B,"site",Clips!$F:$F,$B3)+COUNTIFS(Clips!$B:$B,"site",Clips!$O:$O,"*"&$B3&"*") -> 4 | L3: =COUNTIFS(Clips!$F:$F,$B3,Clips!$B:$B,"macaulay") -> 78 | M3: =COUNTIFS(Clips!$F:$F,$B3,Clips!$B:$B,"xeno-canto") -> 1 | N3: =K3+L3+M3 -> 83 | O3: =COUNTIFS(Clips!$F:$F,$B3,Clips!$C:$C,"excluded") -> 0 | P3: =COUNTIFS(Clips!$F:$F,$B3,Clips!$C:$C,"train") -> 55 | Q3: =COUNTIFS(Clips!$F:$F,$B3,Clips!$C:$C,"val") -> 12 | R3: =COUNTIFS(Clips!$F:$F,$B3,Clips!$C:$C,"test") -> 12 | S3: =SUMIFS(Clips!$I:$I,Clips!$F:$F,$B3,Clips!$C:$C,"train")/60 -> 51.747217 | T3: =SUMIFS(Clips!$I:$I,Clips!$F:$F,$B3,Clips!$C:$C,"val")/60 -> 12.9454 | U3: =SUMIFS(Clips!$I:$I,Clips!$F:$F,$B3,Clips!$C:$C,"test")/60 -> 16.370117 | V3: =SUMIFS(Clips!$J:$J,Clips!$F:$F,$B3,Clips!$C:$C,"train") -> 649 | W3: =IF(V3=0,"",Splits!$B$49/(Splits!$B$50*V3)) -> 0.24010088 | X3: =IF(P3>0,IF(AND(Q3>0,R3>0),"train + val + test",IF(R3>0,"train + test","train only")),IF(R3>0,"test only (unknown class)",IF(K3>0,"site extract only","no usable audio"))) -> train + val + test | Y3: =IF($P3=0,"",IF($E3="nonbird",$B3,IF($G3="yes",$B3,"other bird"))) -> Yellow-throated Toucan | Z3: =IF(AND($F3="core",$P3>0),$B3,"") -> Yellow-throated Toucan | AA3: =IF($P3>0,$B3,"") -> Yellow-throated Toucan | AB3: 62 | AC3: 47 | AD3: =IF(COUNTIFS(Clips!$F:$F,$B3,Clips!$M:$M,">0",Clips!$C:$C,"<>excluded")=0,"",AVERAGEIFS(Clips!$M:$M,Clips!$F:$F,$B3,Clips!$M:$M,">0",Clips!$C:$C,"<>excluded")) -> 3.4165909 | AE3: =COUNTIFS(Clips!$F:$F,$B3,Clips!$O:$O,"<>",Clips!$B:$B,"<>site",Clips!$C:$C,"<>excluded") -> 5 | AF3: =COUNTIFS(Clips!$F:$F,$B3,Clips!$I:$I,"<5",Clips!$C:$C,"<>excluded") -> 2 | AG3: Site: One uncertain (Bird 19, mixed with tinamou)
A4: 104 | B4: Great Tinamou | C4: Tinamus major | D4: gretin1 | E4: bird | F4: core | G4: =IF(AND($E4="bird",$K4>0),"yes","") -> yes | H4: yes | I4: =IF($E4="bird",IF(COUNTIF('eBird List'!$A:$A,$B4)>0,"yes","no"),"") -> yes | J4: =IF(COUNTIF('eBird List'!$A:$A,$B4)=0,"",INDEX('eBird List'!$C:$C,MATCH($B4,'eBird List'!$A:$A,0))) -> 0.31224684 | K4: =COUNTIFS(Clips!$B:$B,"site",Clips!$F:$F,$B4)+COUNTIFS(Clips!$B:$B,"site",Clips!$O:$O,"*"&$B4&"*") -> 4 | L4: =COUNTIFS(Clips!$F:$F,$B4,Clips!$B:$B,"macaulay") -> 63 | M4: =COUNTIFS(Clips!$F:$F,$B4,Clips!$B:$B,"xeno-canto") -> 0 | N4: =K4+L4+M4 -> 67 | O4: =COUNTIFS(Clips!$F:$F,$B4,Clips!$C:$C,"excluded") -> 1 | P4: =COUNTIFS(Clips!$F:$F,$B4,Clips!$C:$C,"train") -> 44 | Q4: =COUNTIFS(Clips!$F:$F,$B4,Clips!$C:$C,"val") -> 9 | R4: =COUNTIFS(Clips!$F:$F,$B4,Clips!$C:$C,"test") -> 9 | S4: =SUMIFS(Clips!$I:$I,Clips!$F:$F,$B4,Clips!$C:$C,"train")/60 -> 55.60075 | T4: =SUMIFS(Clips!$I:$I,Clips!$F:$F,$B4,Clips!$C:$C,"val")/60 -> 1.8543167 | U4: =SUMIFS(Clips!$I:$I,Clips!$F:$F,$B4,Clips!$C:$C,"test")/60 -> 3.3939667 | V4: =SUMIFS(Clips!$J:$J,Clips!$F:$F,$B4,Clips!$C:$C,"train") -> 594 | W4: =IF(V4=0,"",Splits!$B$49/(Splits!$B$50*V4)) -> 0.26233244 | X4: =IF(P4>0,IF(AND(Q4>0,R4>0),"train + val + test",IF(R4>0,"train + test","train only")),IF(R4>0,"test only (unknown class)",IF(K4>0,"site extract only","no usable audio"))) -> train + val + test | Y4: =IF($P4=0,"",IF($E4="nonbird",$B4,IF($G4="yes",$B4,"other bird"))) -> Great Tinamou | Z4: =IF(AND($F4="core",$P4>0),$B4,"") -> Great Tinamou | AA4: =IF($P4>0,$B4,"") -> Great Tinamou | AB4: 50 | AC4: 39 | AD4: =IF(COUNTIFS(Clips!$F:$F,$B4,Clips!$M:$M,">0",Clips!$C:$C,"<>excluded")=0,"",AVERAGEIFS(Clips!$M:$M,Clips!$F:$F,$B4,Clips!$M:$M,">0",Clips!$C:$C,"<>excluded")) -> 2.8761538 | AE4: =COUNTIFS(Clips!$F:$F,$B4,Clips!$O:$O,"<>",Clips!$B:$B,"<>site",Clips!$C:$C,"<>excluded") -> 8 | AF4: =COUNTIFS(Clips!$F:$F,$B4,Clips!$I:$I,"<5",Clips!$C:$C,"<>excluded") -> 1 | AG4: Site: June 18 Bird 1 and June 17 Bird 6 are solos; the other two are uncertain or mixed
A5: 58 | B5: Cocoa Woodcreeper | C5: Xiphorhynchus susurrans | D5: cocwoo1 | E5: bird | F5: core | G5: =IF(AND($E5="bird",$K5>0),"yes","") | I5: =IF($E5="bird",IF(COUNTIF('eBird List'!$A:$A,$B5)>0,"yes","no"),"") -> yes | J5: =IF(COUNTIF('eBird List'!$A:$A,$B5)=0,"",INDEX('eBird List'!$C:$C,MATCH($B5,'eBird List'!$A:$A,0))) -> 0.26501072 | K5: =COUNTIFS(Clips!$B:$B,"site",Clips!$F:$F,$B5)+COUNTIFS(Clips!$B:$B,"site",Clips!$O:$O,"*"&$B5&"*") -> 0 | L5: =COUNTIFS(Clips!$F:$F,$B5,Clips!$B:$B,"macaulay") -> 61 | M5: =COUNTIFS(Clips!$F:$F,$B5,Clips!$B:$B,"xeno-canto") -> 0 | N5: =K5+L5+M5 -> 61 | O5: =COUNTIFS(Clips!$F:$F,$B5,Clips!$C:$C,"excluded") -> 2 | P5: =COUNTIFS(Clips!$F:$F,$B5,Clips!$C:$C,"train") -> 41 | Q5: =COUNTIFS(Clips!$F:$F,$B5,Clips!$C:$C,"val") -> 9 | R5: =COUNTIFS(Clips!$F:$F,$B5,Clips!$C:$C,"test") -> 9 | S5: =SUMIFS(Clips!$I:$I,Clips!$F:$F,$B5,Clips!$C:$C,"train")/60 -> 112.78393 | T5: =SUMIFS(Clips!$I:$I,Clips!$F:$F,$B5,Clips!$C:$C,"val")/60 -> 43.358117 | U5: =SUMIFS(Clips!$I:$I,Clips!$F:$F,$B5,Clips!$C:$C,"test")/60 -> 10.977583 | V5: =SUMIFS(Clips!$J:$J,Clips!$F:$F,$B5,Clips!$C:$C,"train") -> 1092 | W5: =IF(V5=0,"",Splits!$B$49/(Splits!$B$50*V5)) -> 0.14269732 | X5: =IF(P5>0,IF(AND(Q5>0,R5>0),"train + val + test",IF(R5>0,"train + test","train only")),IF(R5>0,"test only (unknown class)",IF(K5>0,"site extract only","no usable audio"))) -> train + val + test | Y5: =IF($P5=0,"",IF($E5="nonbird",$B5,IF($G5="yes",$B5,"other bird"))) -> other bird | Z5: =IF(AND($F5="core",$P5>0),$B5,"") -> Cocoa Woodcreeper | AA5: =IF($P5>0,$B5,"") -> Cocoa Woodcreeper | AB5: 48 | AC5: 31 | AD5: =IF(COUNTIFS(Clips!$F:$F,$B5,Clips!$M:$M,">0",Clips!$C:$C,"<>excluded")=0,"",AVERAGEIFS(Clips!$M:$M,Clips!$F:$F,$B5,Clips!$M:$M,">0",Clips!$C:$C,"<>excluded")) -> 3.0465116 | AE5: =COUNTIFS(Clips!$F:$F,$B5,Clips!$O:$O,"<>",Clips!$B:$B,"<>site",Clips!$C:$C,"<>excluded") -> 12 | AF5: =COUNTIFS(Clips!$F:$F,$B5,Clips!$I:$I,"<5",Clips!$C:$C,"<>excluded") -> 4
A6: 165 | B6: Rufous Motmot | C6: Baryphthengus martii | D6: rufmot1 | E6: bird | F6: core | G6: =IF(AND($E6="bird",$K6>0),"yes","") -> yes | H6: yes | I6: =IF($E6="bird",IF(COUNTIF('eBird List'!$A:$A,$B6)>0,"yes","no"),"") -> yes | J6: =IF(COUNTIF('eBird List'!$A:$A,$B6)=0,"",INDEX('eBird List'!$C:$C,MATCH($B6,'eBird List'!$A:$A,0))) -> 0.31358709 | K6: =COUNTIFS(Clips!$B:$B,"site",Clips!$F:$F,$B6)+COUNTIFS(Clips!$B:$B,"site",Clips!$O:$O,"*"&$B6&"*") -> 2 | L6: =COUNTIFS(Clips!$F:$F,$B6,Clips!$B:$B,"macaulay") -> 55 | M6: =COUNTIFS(Clips!$F:$F,$B6,Clips!$B:$B,"xeno-canto") -> 0 | N6: =K6+L6+M6 -> 57 | O6: =COUNTIFS(Clips!$F:$F,$B6,Clips!$C:$C,"excluded") -> 0 | P6: =COUNTIFS(Clips!$F:$F,$B6,Clips!$C:$C,"train") -> 39 | Q6: =COUNTIFS(Clips!$F:$F,$B6,Clips!$C:$C,"val") -> 8 | R6: =COUNTIFS(Clips!$F:$F,$B6,Clips!$C:$C,"test") -> 8 | S6: =SUMIFS(Clips!$I:$I,Clips!$F:$F,$B6,Clips!$C:$C,"train")/60 -> 57.25915 | T6: =SUMIFS(Clips!$I:$I,Clips!$F:$F,$B6,Clips!$C:$C,"val")/60 -> 18.68905 | U6: =SUMIFS(Clips!$I:$I,Clips!$F:$F,$B6,Clips!$C:$C,"test")/60 -> 15.04385 | V6: =SUMIFS(Clips!$J:$J,Clips!$F:$F,$B6,Clips!$C:$C,"train") -> 527 | W6: =IF(V6=0,"",Splits!$B$49/(Splits!$B$50*V6)) -> 0.29568401 | X6: =IF(P6>0,IF(AND(Q6>0,R6>0),"train + val + test",IF(R6>0,"train + test","train only")),IF(R6>0,"test only (unknown class)",IF(K6>0,"site extract only","no usable audio"))) -> train + val + test | Y6: =IF($P6=0,"",IF($E6="nonbird",$B6,IF($G6="yes",$B6,"other bird"))) -> Rufous Motmot | Z6: =IF(AND($F6="core",$P6>0),$B6,"") -> Rufous Motmot | AA6: =IF($P6>0,$B6,"") -> Rufous Motmot | AB6: 49 | AC6: 36 | AD6: =IF(COUNTIFS(Clips!$F:$F,$B6,Clips!$M:$M,">0",Clips!$C:$C,"<>excluded")=0,"",AVERAGEIFS(Clips!$M:$M,Clips!$F:$F,$B6,Clips!$M:$M,">0",Clips!$C:$C,"<>excluded")) -> 2.3533333 | AE6: =COUNTIFS(Clips!$F:$F,$B6,Clips!$O:$O,"<>",Clips!$B:$B,"<>site",Clips!$C:$C,"<>excluded") -> 13 | AF6: =COUNTIFS(Clips!$F:$F,$B6,Clips!$I:$I,"<5",Clips!$C:$C,"<>excluded") -> 0
A7: 50 | B7: Chestnut-backed Antbird | C7: Poliocrania exsul | D7: chbant1 | E7: bird | F7: core | G7: =IF(AND($E7="bird",$K7>0),"yes","") -> yes | H7: yes | I7: =IF($E7="bird",IF(COUNTIF('eBird List'!$A:$A,$B7)>0,"yes","no"),"") -> yes | J7: =IF(COUNTIF('eBird List'!$A:$A,$B7)=0,"",INDEX('eBird List'!$C:$C,MATCH($B7,'eBird List'!$A:$A,0))) -> 0.13363712 | K7: =COUNTIFS(Clips!$B:$B,"site",Clips!$F:$F,$B7)+COUNTIFS(Clips!$B:$B,"site",Clips!$O:$O,"*"&$B7&"*") -> 1 | L7: =COUNTIFS(Clips!$F:$F,$B7,Clips!$B:$B,"macaulay") -> 54 | M7: =COUNTIFS(Clips!$F:$F,$B7,Clips!$B:$B,"xeno-canto") -> 0 | N7: =K7+L7+M7 -> 55 | O7: =COUNTIFS(Clips!$F:$F,$B7,Clips!$C:$C,"excluded") -> 0 | P7: =COUNTIFS(Clips!$F:$F,$B7,Clips!$C:$C,"train") -> 38 | Q7: =COUNTIFS(Clips!$F:$F,$B7,Clips!$C:$C,"val") -> 8 | R7: =COUNTIFS(Clips!$F:$F,$B7,Clips!$C:$C,"test") -> 8 | S7: =SUMIFS(Clips!$I:$I,Clips!$F:$F,$B7,Clips!$C:$C,"train")/60 -> 25.414433 | T7: =SUMIFS(Clips!$I:$I,Clips!$F:$F,$B7,Clips!$C:$C,"val")/60 -> 6.4244833 | U7: =SUMIFS(Clips!$I:$I,Clips!$F:$F,$B7,Clips!$C:$C,"test")/60 -> 12.426983 | V7: =SUMIFS(Clips!$J:$J,Clips!$F:$F,$B7,Clips!$C:$C,"train") -> 322 | W7: =IF(V7=0,"",Splits!$B$49/(Splits!$B$50*V7)) -> 0.48393004 | X7: =IF(P7>0,IF(AND(Q7>0,R7>0),"train + val + test",IF(R7>0,"train + test","train only")),IF(R7>0,"test only (unknown class)",IF(K7>0,"site extract only","no usable audio"))) -> train + val + test | Y7: =IF($P7=0,"",IF($E7="nonbird",$B7,IF($G7="yes",$B7,"other bird"))) -> Chestnut-backed Antbird | Z7: =IF(AND($F7="core",$P7>0),$B7,"") -> Chestnut-backed Antbird | AA7: =IF($P7>0,$B7,"") -> Chestnut-backed Antbird | AB7: 41 | AC7: 30 | AD7: =IF(COUNTIFS(Clips!$F:$F,$B7,Clips!$M:$M,">0",Clips!$C:$C,"<>excluded")=0,"",AVERAGEIFS(Clips!$M:$M,Clips!$F:$F,$B7,Clips!$M:$M,">0",Clips!$C:$C,"<>excluded")) -> 3.7093939 | AE7: =COUNTIFS(Clips!$F:$F,$B7,Clips!$O:$O,"<>",Clips!$B:$B,"<>site",Clips!$C:$C,"<>excluded") -> 5 | AF7: =COUNTIFS(Clips!$F:$F,$B7,Clips!$I:$I,"<5",Clips!$C:$C,"<>excluded") -> 2 | AG7: Site: Extract has a second call at 11:42:09
A8: 141 | B8: Olive-backed Euphonia | C8: Euphonia gouldi | D8: olbeup1 | E8: bird | F8: core | G8: =IF(AND($E8="bird",$K8>0),"yes","") | I8: =IF($E8="bird",IF(COUNTIF('eBird List'!$A:$A,$B8)>0,"yes","no"),"") -> yes | J8: =IF(COUNTIF('eBird List'!$A:$A,$B8)=0,"",INDEX('eBird List'!$C:$C,MATCH($B8,'eBird List'!$A:$A,0))) -> 0.40719562 | K8: =COUNTIFS(Clips!$B:$B,"site",Clips!$F:$F,$B8)+COUNTIFS(Clips!$B:$B,"site",Clips!$O:$O,"*"&$B8&"*") -> 0 | L8: =COUNTIFS(Clips!$F:$F,$B8,Clips!$B:$B,"macaulay") -> 55 | M8: =COUNTIFS(Clips!$F:$F,$B8,Clips!$B:$B,"xeno-canto") -> 0 | N8: =K8+L8+M8 -> 55 | O8: =COUNTIFS(Clips!$F:$F,$B8,Clips!$C:$C,"excluded") -> 2 | P8: =COUNTIFS(Clips!$F:$F,$B8,Clips!$C:$C,"train") -> 37 | Q8: =COUNTIFS(Clips!$F:$F,$B8,Clips!$C:$C,"val") -> 8 | R8: =COUNTIFS(Clips!$F:$F,$B8,Clips!$C:$C,"test") -> 8 | S8: =SUMIFS(Clips!$I:$I,Clips!$F:$F,$B8,Clips!$C:$C,"train")/60 -> 38.9944 | T8: =SUMIFS(Clips!$I:$I,Clips!$F:$F,$B8,Clips!$C:$C,"val")/60 -> 5.6537167 | U8: =SUMIFS(Clips!$I:$I,Clips!$F:$F,$B8,Clips!$C:$C,"test")/60 -> 2.40845 | V8: =SUMIFS(Clips!$J:$J,Clips!$F:$F,$B8,Clips!$C:$C,"train") -> 489 | W8: =IF(V8=0,"",Splits!$B$49/(Splits!$B$50*V8)) -> 0.3186615 | X8: =IF(P8>0,IF(AND(Q8>0,R8>0),"train + val + test",IF(R8>0,"train + test","train only")),IF(R8>0,"test only (unknown class)",IF(K8>0,"site extract only","no usable audio"))) -> train + val + test | Y8: =IF($P8=0,"",IF($E8="nonbird",$B8,IF($G8="yes",$B8,"other bird"))) -> other bird | Z8: =IF(AND($F8="core",$P8>0),$B8,"") -> Olive-backed Euphonia | AA8: =IF($P8>0,$B8,"") -> Olive-backed Euphonia | AB8: 51 | AC8: 38 | AD8: =IF(COUNTIFS(Clips!$F:$F,$B8,Clips!$M:$M,">0",Clips!$C:$C,"<>excluded")=0,"",AVERAGEIFS(Clips!$M:$M,Clips!$F:$F,$B8,Clips!$M:$M,">0",Clips!$C:$C,"<>excluded")) -> 2.8704444 | AE8: =COUNTIFS(Clips!$F:$F,$B8,Clips!$O:$O,"<>",Clips!$B:$B,"<>site",Clips!$C:$C,"<>excluded") -> 5 | AF8: =COUNTIFS(Clips!$F:$F,$B8,Clips!$I:$I,"<5",Clips!$C:$C,"<>excluded") -> 0
A9: 10 | B9: Bay Wren | C9: Cantorchilus nigricapillus | D9: baywre1 | E9: bird | F9: core | G9: =IF(AND($E9="bird",$K9>0),"yes","") | I9: =IF($E9="bird",IF(COUNTIF('eBird List'!$A:$A,$B9)>0,"yes","no"),"") -> yes | J9: =IF(COUNTIF('eBird List'!$A:$A,$B9)=0,"",INDEX('eBird List'!$C:$C,MATCH($B9,'eBird List'!$A:$A,0))) -> 0.18682988 | K9: =COUNTIFS(Clips!$B:$B,"site",Clips!$F:$F,$B9)+COUNTIFS(Clips!$B:$B,"site",Clips!$O:$O,"*"&$B9&"*") -> 0 | L9: =COUNTIFS(Clips!$F:$F,$B9,Clips!$B:$B,"macaulay") -> 49 | M9: =COUNTIFS(Clips!$F:$F,$B9,Clips!$B:$B,"xeno-canto") -> 0 | N9: =K9+L9+M9 -> 49 | O9: =COUNTIFS(Clips!$F:$F,$B9,Clips!$C:$C,"excluded") -> 0 | P9: =COUNTIFS(Clips!$F:$F,$B9,Clips!$C:$C,"train") -> 35 | Q9: =COUNTIFS(Clips!$F:$F,$B9,Clips!$C:$C,"val") -> 7 | R9: =COUNTIFS(Clips!$F:$F,$B9,Clips!$C:$C,"test") -> 7 | S9: =SUMIFS(Clips!$I:$I,Clips!$F:$F,$B9,Clips!$C:$C,"train")/60 -> 75.400433 | T9: =SUMIFS(Clips!$I:$I,Clips!$F:$F,$B9,Clips!$C:$C,"val")/60 -> 15.530533 | U9: =SUMIFS(Clips!$I:$I,Clips!$F:$F,$B9,Clips!$C:$C,"test")/60 -> 3.0135333 | V9: =SUMIFS(Clips!$J:$J,Clips!$F:$F,$B9,Clips!$C:$C,"train") -> 771 | W9: =IF(V9=0,"",Splits!$B$49/(Splits!$B$50*V9)) -> 0.20210826 | X9: =IF(P9>0,IF(AND(Q9>0,R9>0),"train + val + test",IF(R9>0,"train + test","train only")),IF(R9>0,"test only (unknown class)",IF(K9>0,"site extract only","no usable audio"))) -> train + val + test | Y9: =IF($P9=0,"",IF($E9="nonbird",$B9,IF($G9="yes",$B9,"other bird"))) -> other bird | Z9: =IF(AND($F9="core",$P9>0),$B9,"") -> Bay Wren | AA9: =IF($P9>0,$B9,"") -> Bay Wren | AB9: 37 | AC9: 23 | AD9: =IF(COUNTIFS(Clips!$F:$F,$B9,Clips!$M:$M,">0",Clips!$C:$C,"<>excluded")=0,"",AVERAGEIFS(Clips!$M:$M,Clips!$F:$F,$B9,Clips!$M:$M,">0",Clips!$C:$C,"<>excluded")) -> 3.4777778 | AE9: =COUNTIFS(Clips!$F:$F,$B9,Clips!$O:$O,"<>",Clips!$B:$B,"<>site",Clips!$C:$C,"<>excluded") -> 4 | AF9: =COUNTIFS(Clips!$F:$F,$B9,Clips!$I:$I,"<5",Clips!$C:$C,"<>excluded") -> 3
A10: 21 | B10: Black-crowned Antshrike | C10: Thamnophilus atrinucha | D10: wesant1 | E10: bird | F10: core | G10: =IF(AND($E10="bird",$K10>0),"yes","") | I10: =IF($E10="bird",IF(COUNTIF('eBird List'!$A:$A,$B10)>0,"yes","no"),"") -> yes | J10: =IF(COUNTIF('eBird List'!$A:$A,$B10)=0,"",INDEX('eBird List'!$C:$C,MATCH($B10,'eBird List'!$A:$A,0))) -> 0.20606981 | K10: =COUNTIFS(Clips!$B:$B,"site",Clips!$F:$F,$B10)+COUNTIFS(Clips!$B:$B,"site",Clips!$O:$O,"*"&$B10&"*") -> 0 | L10: =COUNTIFS(Clips!$F:$F,$B10,Clips!$B:$B,"macaulay") -> 49 | M10: =COUNTIFS(Clips!$F:$F,$B10,Clips!$B:$B,"xeno-canto") -> 0 | N10: =K10+L10+M10 -> 49 | O10: =COUNTIFS(Clips!$F:$F,$B10,Clips!$C:$C,"excluded") -> 0 | P10: =COUNTIFS(Clips!$F:$F,$B10,Clips!$C:$C,"train") -> 35 | Q10: =COUNTIFS(Clips!$F:$F,$B10,Clips!$C:$C,"val") -> 7 | R10: =COUNTIFS(Clips!$F:$F,$B10,Clips!$C:$C,"test") -> 7 | S10: =SUMIFS(Clips!$I:$I,Clips!$F:$F,$B10,Clips!$C:$C,"train")/60 -> 15.837317 | T10: =SUMIFS(Clips!$I:$I,Clips!$F:$F,$B10,Clips!$C:$C,"val")/60 -> 9.57635 | U10: =SUMIFS(Clips!$I:$I,Clips!$F:$F,$B10,Clips!$C:$C,"test")/60 -> 3.9615167 | V10: =SUMIFS(Clips!$J:$J,Clips!$F:$F,$B10,Clips!$C:$C,"train") -> 207 | W10: =IF(V10=0,"",Splits!$B$49/(Splits!$B$50*V10)) -> 0.75278006 | X10: =IF(P10>0,IF(AND(Q10>0,R10>0),"train + val + test",IF(R10>0,"train + test","train only")),IF(R10>0,"test only (unknown class)",IF(K10>0,"site extract only","no usable audio"))) -> train + val + test | Y10: =IF($P10=0,"",IF($E10="nonbird",$B10,IF($G10="yes",$B10,"other bird"))) -> other bird | Z10: =IF(AND($F10="core",$P10>0),$B10,"") -> Black-crowned Antshrike | AA10: =IF($P10>0,$B10,"") -> Black-crowned Antshrike | AB10: 46 | AC10: 36 | AD10: =IF(COUNTIFS(Clips!$F:$F,$B10,Clips!$M:$M,">0",Clips!$C:$C,"<>excluded")=0,"",AVERAGEIFS(Clips!$M:$M,Clips!$F:$F,$B10,Clips!$M:$M,">0",Clips!$C:$C,"<>excluded")) -> 3.045 | AE10: =COUNTIFS(Clips!$F:$F,$B10,Clips!$O:$O,"<>",Clips!$B:$B,"<>site",Clips!$C:$C,"<>excluded") -> 3 | AF10: =COUNTIFS(Clips!$F:$F,$B10,Clips!$I:$I,"<5",Clips!$C:$C,"<>excluded") -> 3
A11: 29 | B11: Black-throated Wren | C11: Pheugopedius atrogularis | D11: bltwre1 | E11: bird | F11: core | G11: =IF(AND($E11="bird",$K11>0),"yes","") | I11: =IF($E11="bird",IF(COUNTIF('eBird List'!$A:$A,$B11)>0,"yes","no"),"") -> yes | J11: =IF(COUNTIF('eBird List'!$A:$A,$B11)=0,"",INDEX('eBird List'!$C:$C,MATCH($B11,'eBird List'!$A:$A,0))) -> 0.1195199 | K11: =COUNTIFS(Clips!$B:$B,"site",Clips!$F:$F,$B11)+COUNTIFS(Clips!$B:$B,"site",Clips!$O:$O,"*"&$B11&"*") -> 0 | L11: =COUNTIFS(Clips!$F:$F,$B11,Clips!$B:$B,"macaulay") -> 47 | M11: =COUNTIFS(Clips!$F:$F,$B11,Clips!$B:$B,"xeno-canto") -> 2 | N11: =K11+L11+M11 -> 49 | O11: =COUNTIFS(Clips!$F:$F,$B11,Clips!$C:$C,"excluded") -> 0 | P11: =COUNTIFS(Clips!$F:$F,$B11,Clips!$C:$C,"train") -> 35 | Q11: =COUNTIFS(Clips!$F:$F,$B11,Clips!$C:$C,"val") -> 7 | R11: =COUNTIFS(Clips!$F:$F,$B11,Clips!$C:$C,"test") -> 7 | S11: =SUMIFS(Clips!$I:$I,Clips!$F:$F,$B11,Clips!$C:$C,"train")/60 -> 60.345067 | T11: =SUMIFS(Clips!$I:$I,Clips!$F:$F,$B11,Clips!$C:$C,"val")/60 -> 21.7583 | U11: =SUMIFS(Clips!$I:$I,Clips!$F:$F,$B11,Clips!$C:$C,"test")/60 -> 7.22955 | V11: =SUMIFS(Clips!$J:$J,Clips!$F:$F,$B11,Clips!$C:$C,"train") -> 691 | W11: =IF(V11=0,"",Splits!$B$49/(Splits!$B$50*V11)) -> 0.22550719 | X11: =IF(P11>0,IF(AND(Q11>0,R11>0),"train + val + test",IF(R11>0,"train + test","train only")),IF(R11>0,"test only (unknown class)",IF(K11>0,"site extract only","no usable audio"))) -> train + val + test | Y11: =IF($P11=0,"",IF($E11="nonbird",$B11,IF($G11="yes",$B11,"other bird"))) -> other bird | Z11: =IF(AND($F11="core",$P11>0),$B11,"") -> Black-throated Wren | AA11: =IF($P11>0,$B11,"") -> Black-throated Wren | AB11: 38 | AC11: 26 | AD11: =IF(COUNTIFS(Clips!$F:$F,$B11,Clips!$M:$M,">0",Clips!$C:$C,"<>excluded")=0,"",AVERAGEIFS(Clips!$M:$M,Clips!$F:$F,$B11,Clips!$M:$M,">0",Clips!$C:$C,"<>excluded")) -> 3.0555556 | AE11: =COUNTIFS(Clips!$F:$F,$B11,Clips!$O:$O,"<>",Clips!$B:$B,"<>site",Clips!$C:$C,"<>excluded") -> 1 | AF11: =COUNTIFS(Clips!$F:$F,$B11,Clips!$I:$I,"<5",Clips!$C:$C,"<>excluded") -> 3
A12: 38 | B12: Bright-rumped Attila | C12: Attila spadiceus | D12: brratt1 | E12: bird | F12: core | G12: =IF(AND($E12="bird",$K12>0),"yes","") | I12: =IF($E12="bird",IF(COUNTIF('eBird List'!$A:$A,$B12)>0,"yes","no"),"") -> yes | J12: =IF(COUNTIF('eBird List'!$A:$A,$B12)=0,"",INDEX('eBird List'!$C:$C,MATCH($B12,'eBird List'!$A:$A,0))) -> 0.25539076 | K12: =COUNTIFS(Clips!$B:$B,"site",Clips!$F:$F,$B12)+COUNTIFS(Clips!$B:$B,"site",Clips!$O:$O,"*"&$B12&"*") -> 0 | L12: =COUNTIFS(Clips!$F:$F,$B12,Clips!$B:$B,"macaulay") -> 48 | M12: =COUNTIFS(Clips!$F:$F,$B12,Clips!$B:$B,"xeno-canto") -> 0 | N12: =K12+L12+M12 -> 48 | O12: =COUNTIFS(Clips!$F:$F,$B12,Clips!$C:$C,"excluded") -> 1 | P12: =COUNTIFS(Clips!$F:$F,$B12,Clips!$C:$C,"train") -> 33 | Q12: =COUNTIFS(Clips!$F:$F,$B12,Clips!$C:$C,"val") -> 7 | R12: =COUNTIFS(Clips!$F:$F,$B12,Clips!$C:$C,"test") -> 7 | S12: =SUMIFS(Clips!$I:$I,Clips!$F:$F,$B12,Clips!$C:$C,"train")/60 -> 30.72125 | T12: =SUMIFS(Clips!$I:$I,Clips!$F:$F,$B12,Clips!$C:$C,"val")/60 -> 4.0745 | U12: =SUMIFS(Clips!$I:$I,Clips!$F:$F,$B12,Clips!$C:$C,"test")/60 -> 7.2304167 | V12: =SUMIFS(Clips!$J:$J,Clips!$F:$F,$B12,Clips!$C:$C,"train") -> 386 | W12: =IF(V12=0,"",Splits!$B$49/(Splits!$B$50*V12)) -> 0.40369293 | X12: =IF(P12>0,IF(AND(Q12>0,R12>0),"train + val + test",IF(R12>0,"train + test","train only")),IF(R12>0,"test only (unknown class)",IF(K12>0,"site extract only","no usable audio"))) -> train + val + test | Y12: =IF($P12=0,"",IF($E12="nonbird",$B12,IF($G12="yes",$B12,"other bird"))) -> other bird | Z12: =IF(AND($F12="core",$P12>0),$B12,"") -> Bright-rumped Attila | AA12: =IF($P12>0,$B12,"") -> Bright-rumped Attila | AB12: 38 | AC12: 26 | AD12: =IF(COUNTIFS(Clips!$F:$F,$B12,Clips!$M:$M,">0",Clips!$C:$C,"<>excluded")=0,"",AVERAGEIFS(Clips!$M:$M,Clips!$F:$F,$B12,Clips!$M:$M,">0",Clips!$C:$C,"<>excluded")) -> 3.2914815 | AE12: =COUNTIFS(Clips!$F:$F,$B12,Clips!$O:$O,"<>",Clips!$B:$B,"<>site",Clips!$C:$C,"<>excluded") -> 4 | AF12: =COUNTIFS(Clips!$F:$F,$B12,Clips!$I:$I,"<5",Clips!$C:$C,"<>excluded") -> 4
A13: 39 | B13: Broad-billed Motmot | C13: Electron platyrhynchum | D13: brbmot1 | E13: bird | F13: core | G13: =IF(AND($E13="bird",$K13>0),"yes","") -> yes | H13: yes | I13: =IF($E13="bird",IF(COUNTIF('eBird List'!$A:$A,$B13)>0,"yes","no"),"") -> yes | J13: =IF(COUNTIF('eBird List'!$A:$A,$B13)=0,"",INDEX('eBird List'!$C:$C,MATCH($B13,'eBird List'!$A:$A,0))) -> 0.35540267 | K13: =COUNTIFS(Clips!$B:$B,"site",Clips!$F:$F,$B13)+COUNTIFS(Clips!$B:$B,"site",Clips!$O:$O,"*"&$B13&"*") -> 3 | L13: =COUNTIFS(Clips!$F:$F,$B13,Clips!$B:$B,"macaulay") -> 48 | M13: =COUNTIFS(Clips!$F:$F,$B13,Clips!$B:$B,"xeno-canto") -> 0 | N13: =K13+L13+M13 -> 51 | O13: =COUNTIFS(Clips!$F:$F,$B13,Clips!$C:$C,"excluded") -> 1 | P13: =COUNTIFS(Clips!$F:$F,$B13,Clips!$C:$C,"train") -> 33 | Q13: =COUNTIFS(Clips!$F:$F,$B13,Clips!$C:$C,"val") -> 7 | R13: =COUNTIFS(Clips!$F:$F,$B13,Clips!$C:$C,"test") -> 7 | S13: =SUMIFS(Clips!$I:$I,Clips!$F:$F,$B13,Clips!$C:$C,"train")/60 -> 32.270167 | T13: =SUMIFS(Clips!$I:$I,Clips!$F:$F,$B13,Clips!$C:$C,"val")/60 -> 5.1131333 | U13: =SUMIFS(Clips!$I:$I,Clips!$F:$F,$B13,Clips!$C:$C,"test")/60 -> 4.4744667 | V13: =SUMIFS(Clips!$J:$J,Clips!$F:$F,$B13,Clips!$C:$C,"train") -> 402 | W13: =IF(V13=0,"",Splits!$B$49/(Splits!$B$50*V13)) -> 0.38762555 | X13: =IF(P13>0,IF(AND(Q13>0,R13>0),"train + val + test",IF(R13>0,"train + test","train only")),IF(R13>0,"test only (unknown class)",IF(K13>0,"site extract only","no usable audio"))) -> train + val + test | Y13: =IF($P13=0,"",IF($E13="nonbird",$B13,IF($G13="yes",$B13,"other bird"))) -> Broad-billed Motmot | Z13: =IF(AND($F13="core",$P13>0),$B13,"") -> Broad-billed Motmot | AA13: =IF($P13>0,$B13,"") -> Broad-billed Motmot | AB13: 40 | AC13: 28 | AD13: =IF(COUNTIFS(Clips!$F:$F,$B13,Clips!$M:$M,">0",Clips!$C:$C,"<>excluded")=0,"",AVERAGEIFS(Clips!$M:$M,Clips!$F:$F,$B13,Clips!$M:$M,">0",Clips!$C:$C,"<>excluded")) -> 2.7008824 | AE13: =COUNTIFS(Clips!$F:$F,$B13,Clips!$O:$O,"<>",Clips!$B:$B,"<>site",Clips!$C:$C,"<>excluded") -> 6 | AF13: =COUNTIFS(Clips!$F:$F,$B13,Clips!$I:$I,"<5",Clips!$C:$C,"<>excluded") -> 1 | AG13: Site: Bird 8 overlaps an ibis call
A14: 199 | B14: Stripe-breasted Wren | C14: Cantorchilus thoracicus | D14: stbwre1 | E14: bird | F14: core | G14: =IF(AND($E14="bird",$K14>0),"yes","") -> yes | H14: yes | I14: =IF($E14="bird",IF(COUNTIF('eBird List'!$A:$A,$B14)>0,"yes","no"),"") -> yes | J14: =IF(COUNTIF('eBird List'!$A:$A,$B14)=0,"",INDEX('eBird List'!$C:$C,MATCH($B14,'eBird List'!$A:$A,0))) -> 0.20443174 | K14: =COUNTIFS(Clips!$B:$B,"site",Clips!$F:$F,$B14)+COUNTIFS(Clips!$B:$B,"site",Clips!$O:$O,"*"&$B14&"*") -> 1 | L14: =COUNTIFS(Clips!$F:$F,$B14,Clips!$B:$B,"macaulay") -> 45 | M14: =COUNTIFS(Clips!$F:$F,$B14,Clips!$B:$B,"xeno-canto") -> 2 | N14: =K14+L14+M14 -> 48 | O14: =COUNTIFS(Clips!$F:$F,$B14,Clips!$C:$C,"excluded") -> 0 | P14: =COUNTIFS(Clips!$F:$F,$B14,Clips!$C:$C,"train") -> 33 | Q14: =COUNTIFS(Clips!$F:$F,$B14,Clips!$C:$C,"val") -> 7 | R14: =COUNTIFS(Clips!$F:$F,$B14,Clips!$C:$C,"test") -> 7 | S14: =SUMIFS(Clips!$I:$I,Clips!$F:$F,$B14,Clips!$C:$C,"train")/60 -> 31.088667 | T14: =SUMIFS(Clips!$I:$I,Clips!$F:$F,$B14,Clips!$C:$C,"val")/60 -> 9.4998333 | U14: =SUMIFS(Clips!$I:$I,Clips!$F:$F,$B14,Clips!$C:$C,"test")/60 -> 13.229283 | V14: =SUMIFS(Clips!$J:$J,Clips!$F:$F,$B14,Clips!$C:$C,"train") -> 391 | W14: =IF(V14=0,"",Splits!$B$49/(Splits!$B$50*V14)) -> 0.39853062 | X14: =IF(P14>0,IF(AND(Q14>0,R14>0),"train + val + test",IF(R14>0,"train + test","train only")),IF(R14>0,"test only (unknown class)",IF(K14>0,"site extract only","no usable audio"))) -> train + val + test | Y14: =IF($P14=0,"",IF($E14="nonbird",$B14,IF($G14="yes",$B14,"other bird"))) -> Stripe-breasted Wren | Z14: =IF(AND($F14="core",$P14>0),$B14,"") -> Stripe-breasted Wren | AA14: =IF($P14>0,$B14,"") -> Stripe-breasted Wren | AB14: 35 | AC14: 23 | AD14: =IF(COUNTIFS(Clips!$F:$F,$B14,Clips!$M:$M,">0",Clips!$C:$C,"<>excluded")=0,"",AVERAGEIFS(Clips!$M:$M,Clips!$F:$F,$B14,Clips!$M:$M,">0",Clips!$C:$C,"<>excluded")) -> 3.2825 | AE14: =COUNTIFS(Clips!$F:$F,$B14,Clips!$O:$O,"<>",Clips!$B:$B,"<>site",Clips!$C:$C,"<>excluded") -> 7 | AF14: =COUNTIFS(Clips!$F:$F,$B14,Clips!$I:$I,"<5",Clips!$C:$C,"<>excluded") -> 1
A15: 160 | B15: Red-throated Ant-Tanager | C15: Driophlox fuscicauda | D15: rtatan1 | E15: bird | F15: core | G15: =IF(AND($E15="bird",$K15>0),"yes","") | I15: =IF($E15="bird",IF(COUNTIF('eBird List'!$A:$A,$B15)>0,"yes","no"),"") -> yes | J15: =IF(COUNTIF('eBird List'!$A:$A,$B15)=0,"",INDEX('eBird List'!$C:$C,MATCH($B15,'eBird List'!$A:$A,0))) -> 0.21318799 | K15: =COUNTIFS(Clips!$B:$B,"site",Clips!$F:$F,$B15)+COUNTIFS(Clips!$B:$B,"site",Clips!$O:$O,"*"&$B15&"*") -> 0 | L15: =COUNTIFS(Clips!$F:$F,$B15,Clips!$B:$B,"macaulay") -> 43 | M15: =COUNTIFS(Clips!$F:$F,$B15,Clips!$B:$B,"xeno-canto") -> 0 | N15: =K15+L15+M15 -> 43 | O15: =COUNTIFS(Clips!$F:$F,$B15,Clips!$C:$C,"excluded") -> 1 | P15: =COUNTIFS(Clips!$F:$F,$B15,Clips!$C:$C,"train") -> 30 | Q15: =COUNTIFS(Clips!$F:$F,$B15,Clips!$C:$C,"val") -> 6 | R15: =COUNTIFS(Clips!$F:$F,$B15,Clips!$C:$C,"test") -> 6 | S15: =SUMIFS(Clips!$I:$I,Clips!$F:$F,$B15,Clips!$C:$C,"train")/60 -> 21.5531 | T15: =SUMIFS(Clips!$I:$I,Clips!$F:$F,$B15,Clips!$C:$C,"val")/60 -> 12.751683 | U15: =SUMIFS(Clips!$I:$I,Clips!$F:$F,$B15,Clips!$C:$C,"test")/60 -> 3.6911667 | V15: =SUMIFS(Clips!$J:$J,Clips!$F:$F,$B15,Clips!$C:$C,"train") -> 276 | W15: =IF(V15=0,"",Splits!$B$49/(Splits!$B$50*V15)) -> 0.56458504 | X15: =IF(P15>0,IF(AND(Q15>0,R15>0),"train + val + test",IF(R15>0,"train + test","train only")),IF(R15>0,"test only (unknown class)",IF(K15>0,"site extract only","no usable audio"))) -> train + val + test | Y15: =IF($P15=0,"",IF($E15="nonbird",$B15,IF($G15="yes",$B15,"other bird"))) -> other bird | Z15: =IF(AND($F15="core",$P15>0),$B15,"") -> Red-throated Ant-Tanager | AA15: =IF($P15>0,$B15,"") -> Red-throated Ant-Tanager | AB15: 30 | AC15: 24 | AD15: =IF(COUNTIFS(Clips!$F:$F,$B15,Clips!$M:$M,">0",Clips!$C:$C,"<>excluded")=0,"",AVERAGEIFS(Clips!$M:$M,Clips!$F:$F,$B15,Clips!$M:$M,">0",Clips!$C:$C,"<>excluded")) -> 3.4666667 | AE15: =COUNTIFS(Clips!$F:$F,$B15,Clips!$O:$O,"<>",Clips!$B:$B,"<>site",Clips!$C:$C,"<>excluded") -> 4 | AF15: =COUNTIFS(Clips!$F:$F,$B15,Clips!$I:$I,"<5",Clips!$C:$C,"<>excluded") -> 3
A16: 219 | B16: White-collared Manakin | C16: Manacus candei | D16: whcman1 | E16: bird | F16: core | G16: =IF(AND($E16="bird",$K16>0),"yes","") | I16: =IF($E16="bird",IF(COUNTIF('eBird List'!$A:$A,$B16)>0,"yes","no"),"") -> yes | J16: =IF(COUNTIF('eBird List'!$A:$A,$B16)=0,"",INDEX('eBird List'!$C:$C,MATCH($B16,'eBird List'!$A:$A,0))) -> 0.35701096 | K16: =COUNTIFS(Clips!$B:$B,"site",Clips!$F:$F,$B16)+COUNTIFS(Clips!$B:$B,"site",Clips!$O:$O,"*"&$B16&"*") -> 0 | L16: =COUNTIFS(Clips!$F:$F,$B16,Clips!$B:$B,"macaulay") -> 43 | M16: =COUNTIFS(Clips!$F:$F,$B16,Clips!$B:$B,"xeno-canto") -> 0 | N16: =K16+L16+M16 -> 43 | O16: =COUNTIFS(Clips!$F:$F,$B16,Clips!$C:$C,"excluded") -> 1 | P16: =COUNTIFS(Clips!$F:$F,$B16,Clips!$C:$C,"train") -> 30 | Q16: =COUNTIFS(Clips!$F:$F,$B16,Clips!$C:$C,"val") -> 6 | R16: =COUNTIFS(Clips!$F:$F,$B16,Clips!$C:$C,"test") -> 6 | S16: =SUMIFS(Clips!$I:$I,Clips!$F:$F,$B16,Clips!$C:$C,"train")/60 -> 44.996417 | T16: =SUMIFS(Clips!$I:$I,Clips!$F:$F,$B16,Clips!$C:$C,"val")/60 -> 4.9903167 | U16: =SUMIFS(Clips!$I:$I,Clips!$F:$F,$B16,Clips!$C:$C,"test")/60 -> 3.1034833 | V16: =SUMIFS(Clips!$J:$J,Clips!$F:$F,$B16,Clips!$C:$C,"train") -> 524 | W16: =IF(V16=0,"",Splits!$B$49/(Splits!$B$50*V16)) -> 0.29737685 | X16: =IF(P16>0,IF(AND(Q16>0,R16>0),"train + val + test",IF(R16>0,"train + test","train only")),IF(R16>0,"test only (unknown class)",IF(K16>0,"site extract only","no usable audio"))) -> train + val + test | Y16: =IF($P16=0,"",IF($E16="nonbird",$B16,IF($G16="yes",$B16,"other bird"))) -> other bird | Z16: =IF(AND($F16="core",$P16>0),$B16,"") -> White-collared Manakin | AA16: =IF($P16>0,$B16,"") -> White-collared Manakin | AB16: 35 | AC16: 30 | AD16: =IF(COUNTIFS(Clips!$F:$F,$B16,Clips!$M:$M,">0",Clips!$C:$C,"<>excluded")=0,"",AVERAGEIFS(Clips!$M:$M,Clips!$F:$F,$B16,Clips!$M:$M,">0",Clips!$C:$C,"<>excluded")) -> 3.0914286 | AE16: =COUNTIFS(Clips!$F:$F,$B16,Clips!$O:$O,"<>",Clips!$B:$B,"<>site",Clips!$C:$C,"<>excluded") -> 4 | AF16: =COUNTIFS(Clips!$F:$F,$B16,Clips!$I:$I,"<5",Clips!$C:$C,"<>excluded") -> 5
A17: 187 | B17: Slaty-tailed Trogon | C17: Trogon massena | D17: slttro1 | E17: bird | F17: core | G17: =IF(AND($E17="bird",$K17>0),"yes","") | I17: =IF($E17="bird",IF(COUNTIF('eBird List'!$A:$A,$B17)>0,"yes","no"),"") -> yes | J17: =IF(COUNTIF('eBird List'!$A:$A,$B17)=0,"",INDEX('eBird List'!$C:$C,MATCH($B17,'eBird List'!$A:$A,0))) -> 0.338873 | K17: =COUNTIFS(Clips!$B:$B,"site",Clips!$F:$F,$B17)+COUNTIFS(Clips!$B:$B,"site",Clips!$O:$O,"*"&$B17&"*") -> 0 | L17: =COUNTIFS(Clips!$F:$F,$B17,Clips!$B:$B,"macaulay") -> 39 | M17: =COUNTIFS(Clips!$F:$F,$B17,Clips!$B:$B,"xeno-canto") -> 0 | N17: =K17+L17+M17 -> 39 | O17: =COUNTIFS(Clips!$F:$F,$B17,Clips!$C:$C,"excluded") -> 0 | P17: =COUNTIFS(Clips!$F:$F,$B17,Clips!$C:$C,"train") -> 27 | Q17: =COUNTIFS(Clips!$F:$F,$B17,Clips!$C:$C,"val") -> 6 | R17: =COUNTIFS(Clips!$F:$F,$B17,Clips!$C:$C,"test") -> 6 | S17: =SUMIFS(Clips!$I:$I,Clips!$F:$F,$B17,Clips!$C:$C,"train")/60 -> 19.804183 | T17: =SUMIFS(Clips!$I:$I,Clips!$F:$F,$B17,Clips!$C:$C,"val")/60 -> 4.8480667 | U17: =SUMIFS(Clips!$I:$I,Clips!$F:$F,$B17,Clips!$C:$C,"test")/60 -> 6.0718833 | V17: =SUMIFS(Clips!$J:$J,Clips!$F:$F,$B17,Clips!$C:$C,"train") -> 252 | W17: =IF(V17=0,"",Splits!$B$49/(Splits!$B$50*V17)) -> 0.61835505 | X17: =IF(P17>0,IF(AND(Q17>0,R17>0),"train + val + test",IF(R17>0,"train + test","train only")),IF(R17>0,"test only (unknown class)",IF(K17>0,"site extract only","no usable audio"))) -> train + val + test | Y17: =IF($P17=0,"",IF($E17="nonbird",$B17,IF($G17="yes",$B17,"other bird"))) -> other bird | Z17: =IF(AND($F17="core",$P17>0),$B17,"") -> Slaty-tailed Trogon | AA17: =IF($P17>0,$B17,"") -> Slaty-tailed Trogon | AB17: 35 | AC17: 25 | AD17: =IF(COUNTIFS(Clips!$F:$F,$B17,Clips!$M:$M,">0",Clips!$C:$C,"<>excluded")=0,"",AVERAGEIFS(Clips!$M:$M,Clips!$F:$F,$B17,Clips!$M:$M,">0",Clips!$C:$C,"<>excluded")) -> 2.6419355 | AE17: =COUNTIFS(Clips!$F:$F,$B17,Clips!$O:$O,"<>",Clips!$B:$B,"<>site",Clips!$C:$C,"<>excluded") -> 3 | AF17: =COUNTIFS(Clips!$F:$F,$B17,Clips!$I:$I,"<5",Clips!$C:$C,"<>excluded") -> 0
A18: 70 | B18: Crested Guan | C18: Penelope purpurascens | D18: cregua1 | E18: bird | F18: core | G18: =IF(AND($E18="bird",$K18>0),"yes","") | I18: =IF($E18="bird",IF(COUNTIF('eBird List'!$A:$A,$B18)>0,"yes","no"),"") -> yes | J18: =IF(COUNTIF('eBird List'!$A:$A,$B18)=0,"",INDEX('eBird List'!$C:$C,MATCH($B18,'eBird List'!$A:$A,0))) -> 0.38506671 | K18: =COUNTIFS(Clips!$B:$B,"site",Clips!$F:$F,$B18)+COUNTIFS(Clips!$B:$B,"site",Clips!$O:$O,"*"&$B18&"*") -> 0 | L18: =COUNTIFS(Clips!$F:$F,$B18,Clips!$B:$B,"macaulay") -> 35 | M18: =COUNTIFS(Clips!$F:$F,$B18,Clips!$B:$B,"xeno-canto") -> 1 | N18: =K18+L18+M18 -> 36 | O18: =COUNTIFS(Clips!$F:$F,$B18,Clips!$C:$C,"excluded") -> 0 | P18: =COUNTIFS(Clips!$F:$F,$B18,Clips!$C:$C,"train") -> 26 | Q18: =COUNTIFS(Clips!$F:$F,$B18,Clips!$C:$C,"val") -> 5 | R18: =COUNTIFS(Clips!$F:$F,$B18,Clips!$C:$C,"test") -> 5 | S18: =SUMIFS(Clips!$I:$I,Clips!$F:$F,$B18,Clips!$C:$C,"train")/60 -> 35.309583 | T18: =SUMIFS(Clips!$I:$I,Clips!$F:$F,$B18,Clips!$C:$C,"val")/60 -> 2.7726167 | U18: =SUMIFS(Clips!$I:$I,Clips!$F:$F,$B18,Clips!$C:$C,"test")/60 -> 3.5486667 | V18: =SUMIFS(Clips!$J:$J,Clips!$F:$F,$B18,Clips!$C:$C,"train") -> 437 | W18: =IF(V18=0,"",Splits!$B$49/(Splits!$B$50*V18)) -> 0.35658003 | X18: =IF(P18>0,IF(AND(Q18>0,R18>0),"train + val + test",IF(R18>0,"train + test","train only")),IF(R18>0,"test only (unknown class)",IF(K18>0,"site extract only","no usable audio"))) -> train + val + test | Y18: =IF($P18=0,"",IF($E18="nonbird",$B18,IF($G18="yes",$B18,"other bird"))) -> other bird | Z18: =IF(AND($F18="core",$P18>0),$B18,"") -> Crested Guan | AA18: =IF($P18>0,$B18,"") -> Crested Guan | AB18: 31 | AC18: 25 | AD18: =IF(COUNTIFS(Clips!$F:$F,$B18,Clips!$M:$M,">0",Clips!$C:$C,"<>excluded")=0,"",AVERAGEIFS(Clips!$M:$M,Clips!$F:$F,$B18,Clips!$M:$M,">0",Clips!$C:$C,"<>excluded")) -> 2.7903226 | AE18: =COUNTIFS(Clips!$F:$F,$B18,Clips!$O:$O,"<>",Clips!$B:$B,"<>site",Clips!$C:$C,"<>excluded") -> 3 | AF18: =COUNTIFS(Clips!$F:$F,$B18,Clips!$I:$I,"<5",Clips!$C:$C,"<>excluded") -> 2
A19: 44 | B19: Buff-rumped Warbler | C19: Myiothlypis fulvicauda | D19: burwar1 | E19: bird | F19: core | G19: =IF(AND($E19="bird",$K19>0),"yes","") | I19: =IF($E19="bird",IF(COUNTIF('eBird List'!$A:$A,$B19)>0,"yes","no"),"") -> yes | J19: =IF(COUNTIF('eBird List'!$A:$A,$B19)=0,"",INDEX('eBird List'!$C:$C,MATCH($B19,'eBird List'!$A:$A,0))) -> 0.19290565 | K19: =COUNTIFS(Clips!$B:$B,"site",Clips!$F:$F,$B19)+COUNTIFS(Clips!$B:$B,"site",Clips!$O:$O,"*"&$B19&"*") -> 0 | L19: =COUNTIFS(Clips!$F:$F,$B19,Clips!$B:$B,"macaulay") -> 34 | M19: =COUNTIFS(Clips!$F:$F,$B19,Clips!$B:$B,"xeno-canto") -> 1 | N19: =K19+L19+M19 -> 35 | O19: =COUNTIFS(Clips!$F:$F,$B19,Clips!$C:$C,"excluded") -> 0 | P19: =COUNTIFS(Clips!$F:$F,$B19,Clips!$C:$C,"train") -> 25 | Q19: =COUNTIFS(Clips!$F:$F,$B19,Clips!$C:$C,"val") -> 5 | R19: =COUNTIFS(Clips!$F:$F,$B19,Clips!$C:$C,"test") -> 5 | S19: =SUMIFS(Clips!$I:$I,Clips!$F:$F,$B19,Clips!$C:$C,"train")/60 -> 14.90505 | T19: =SUMIFS(Clips!$I:$I,Clips!$F:$F,$B19,Clips!$C:$C,"val")/60 -> 2.3785167 | U19: =SUMIFS(Clips!$I:$I,Clips!$F:$F,$B19,Clips!$C:$C,"test")/60 -> 3.8222333 | V19: =SUMIFS(Clips!$J:$J,Clips!$F:$F,$B19,Clips!$C:$C,"train") -> 191 | W19: =IF(V19=0,"",Splits!$B$49/(Splits!$B$50*V19)) -> 0.81584017 | X19: =IF(P19>0,IF(AND(Q19>0,R19>0),"train + val + test",IF(R19>0,"train + test","train only")),IF(R19>0,"test only (unknown class)",IF(K19>0,"site extract only","no usable audio"))) -> train + val + test | Y19: =IF($P19=0,"",IF($E19="nonbird",$B19,IF($G19="yes",$B19,"other bird"))) -> other bird | Z19: =IF(AND($F19="core",$P19>0),$B19,"") -> Buff-rumped Warbler | AA19: =IF($P19>0,$B19,"") -> Buff-rumped Warbler | AB19: 29 | AC19: 24 | AD19: =IF(COUNTIFS(Clips!$F:$F,$B19,Clips!$M:$M,">0",Clips!$C:$C,"<>excluded")=0,"",AVERAGEIFS(Clips!$M:$M,Clips!$F:$F,$B19,Clips!$M:$M,">0",Clips!$C:$C,"<>excluded")) -> 3.0588235 | AE19: =COUNTIFS(Clips!$F:$F,$B19,Clips!$O:$O,"<>",Clips!$B:$B,"<>site",Clips!$C:$C,"<>excluded") -> 1 | AF19: =COUNTIFS(Clips!$F:$F,$B19,Clips!$I:$I,"<5",Clips!$C:$C,"<>excluded") -> 1
A20: 128 | B20: Montezuma Oropendola | C20: Psarocolius montezuma | D20: monoro1 | E20: bird | F20: core | G20: =IF(AND($E20="bird",$K20>0),"yes","") | I20: =IF($E20="bird",IF(COUNTIF('eBird List'!$A:$A,$B20)>0,"yes","no"),"") -> yes | J20: =IF(COUNTIF('eBird List'!$A:$A,$B20)=0,"",INDEX('eBird List'!$C:$C,MATCH($B20,'eBird List'!$A:$A,0))) -> 0.49175006 | K20: =COUNTIFS(Clips!$B:$B,"site",Clips!$F:$F,$B20)+COUNTIFS(Clips!$B:$B,"site",Clips!$O:$O,"*"&$B20&"*") -> 0 | L20: =COUNTIFS(Clips!$F:$F,$B20,Clips!$B:$B,"macaulay") -> 33 | M20: =COUNTIFS(Clips!$F:$F,$B20,Clips!$B:$B,"xeno-canto") -> 2 | N20: =K20+L20+M20 -> 35 | O20: =COUNTIFS(Clips!$F:$F,$B20,Clips!$C:$C,"excluded") -> 0 | P20: =COUNTIFS(Clips!$F:$F,$B20,Clips!$C:$C,"train") -> 25 | Q20: =COUNTIFS(Clips!$F:$F,$B20,Clips!$C:$C,"val") -> 5 | R20: =COUNTIFS(Clips!$F:$F,$B20,Clips!$C:$C,"test") -> 5 | S20: =SUMIFS(Clips!$I:$I,Clips!$F:$F,$B20,Clips!$C:$C,"train")/60 -> 33.690733 | T20: =SUMIFS(Clips!$I:$I,Clips!$F:$F,$B20,Clips!$C:$C,"val")/60 -> 4.3963167 | U20: =SUMIFS(Clips!$I:$I,Clips!$F:$F,$B20,Clips!$C:$C,"test")/60 -> 0.85765 | V20: =SUMIFS(Clips!$J:$J,Clips!$F:$F,$B20,Clips!$C:$C,"train") -> 385 | W20: =IF(V20=0,"",Splits!$B$49/(Splits!$B$50*V20)) -> 0.40474148 | X20: =IF(P20>0,IF(AND(Q20>0,R20>0),"train + val + test",IF(R20>0,"train + test","train only")),IF(R20>0,"test only (unknown class)",IF(K20>0,"site extract only","no usable audio"))) -> train + val + test | Y20: =IF($P20=0,"",IF($E20="nonbird",$B20,IF($G20="yes",$B20,"other bird"))) -> other bird | Z20: =IF(AND($F20="core",$P20>0),$B20,"") -> Montezuma Oropendola | AA20: =IF($P20>0,$B20,"") -> Montezuma Oropendola | AB20: 29 | AC20: 20 | AD20: =IF(COUNTIFS(Clips!$F:$F,$B20,Clips!$M:$M,">0",Clips!$C:$C,"<>excluded")=0,"",AVERAGEIFS(Clips!$M:$M,Clips!$F:$F,$B20,Clips!$M:$M,">0",Clips!$C:$C,"<>excluded")) -> 2.9389655 | AE20: =COUNTIFS(Clips!$F:$F,$B20,Clips!$O:$O,"<>",Clips!$B:$B,"<>site",Clips!$C:$C,"<>excluded") -> 5 | AF20: =COUNTIFS(Clips!$F:$F,$B20,Clips!$I:$I,"<5",Clips!$C:$C,"<>excluded") -> 7
A21: 176 | B21: Scarlet-rumped Cacique | C21: Cacicus uropygialis | D21: scrcac2 | E21: bird | F21: core | G21: =IF(AND($E21="bird",$K21>0),"yes","") -> yes | H21: yes | I21: =IF($E21="bird",IF(COUNTIF('eBird List'!$A:$A,$B21)>0,"yes","no"),"") -> yes | J21: =IF(COUNTIF('eBird List'!$A:$A,$B21)=0,"",INDEX('eBird List'!$C:$C,MATCH($B21,'eBird List'!$A:$A,0))) -> 0.2023767 | K21: =COUNTIFS(Clips!$B:$B,"site",Clips!$F:$F,$B21)+COUNTIFS(Clips!$B:$B,"site",Clips!$O:$O,"*"&$B21&"*") -> 1 | L21: =COUNTIFS(Clips!$F:$F,$B21,Clips!$B:$B,"macaulay") -> 35 | M21: =COUNTIFS(Clips!$F:$F,$B21,Clips!$B:$B,"xeno-canto") -> 0 | N21: =K21+L21+M21 -> 36 | O21: =COUNTIFS(Clips!$F:$F,$B21,Clips!$C:$C,"excluded") -> 0 | P21: =COUNTIFS(Clips!$F:$F,$B21,Clips!$C:$C,"train") -> 25 | Q21: =COUNTIFS(Clips!$F:$F,$B21,Clips!$C:$C,"val") -> 5 | R21: =COUNTIFS(Clips!$F:$F,$B21,Clips!$C:$C,"test") -> 5 | S21: =SUMIFS(Clips!$I:$I,Clips!$F:$F,$B21,Clips!$C:$C,"train")/60 -> 21.744667 | T21: =SUMIFS(Clips!$I:$I,Clips!$F:$F,$B21,Clips!$C:$C,"val")/60 -> 3.75385 | U21: =SUMIFS(Clips!$I:$I,Clips!$F:$F,$B21,Clips!$C:$C,"test")/60 -> 1.7730333 | V21: =SUMIFS(Clips!$J:$J,Clips!$F:$F,$B21,Clips!$C:$C,"train") -> 275 | W21: =IF(V21=0,"",Splits!$B$49/(Splits!$B$50*V21)) -> 0.56663808 | X21: =IF(P21>0,IF(AND(Q21>0,R21>0),"train + val + test",IF(R21>0,"train + test","train only")),IF(R21>0,"test only (unknown class)",IF(K21>0,"site extract only","no usable audio"))) -> train + val + test | Y21: =IF($P21=0,"",IF($E21="nonbird",$B21,IF($G21="yes",$B21,"other bird"))) -> Scarlet-rumped Cacique | Z21: =IF(AND($F21="core",$P21>0),$B21,"") -> Scarlet-rumped Cacique | AA21: =IF($P21>0,$B21,"") -> Scarlet-rumped Cacique | AB21: 29 | AC21: 19 | AD21: =IF(COUNTIFS(Clips!$F:$F,$B21,Clips!$M:$M,">0",Clips!$C:$C,"<>excluded")=0,"",AVERAGEIFS(Clips!$M:$M,Clips!$F:$F,$B21,Clips!$M:$M,">0",Clips!$C:$C,"<>excluded")) -> 3.2640741 | AE21: =COUNTIFS(Clips!$F:$F,$B21,Clips!$O:$O,"<>",Clips!$B:$B,"<>site",Clips!$C:$C,"<>excluded") -> 7 | AF21: =COUNTIFS(Clips!$F:$F,$B21,Clips!$I:$I,"<5",Clips!$C:$C,"<>excluded") -> 2
A22: 126 | B22: Middle American Screech-Owl | C22: Megascops guatemalae | D22: vesowl | E22: bird | F22: core | G22: =IF(AND($E22="bird",$K22>0),"yes","") | I22: =IF($E22="bird",IF(COUNTIF('eBird List'!$A:$A,$B22)>0,"yes","no"),"") -> yes | J22: =IF(COUNTIF('eBird List'!$A:$A,$B22)=0,"",INDEX('eBird List'!$C:$C,MATCH($B22,'eBird List'!$A:$A,0))) -> 0.086728616 | K22: =COUNTIFS(Clips!$B:$B,"site",Clips!$F:$F,$B22)+COUNTIFS(Clips!$B:$B,"site",Clips!$O:$O,"*"&$B22&"*") -> 0 | L22: =COUNTIFS(Clips!$F:$F,$B22,Clips!$B:$B,"macaulay") -> 34 | M22: =COUNTIFS(Clips!$F:$F,$B22,Clips!$B:$B,"xeno-canto") -> 0 | N22: =K22+L22+M22 -> 34 | O22: =COUNTIFS(Clips!$F:$F,$B22,Clips!$C:$C,"excluded") -> 0 | P22: =COUNTIFS(Clips!$F:$F,$B22,Clips!$C:$C,"train") -> 24 | Q22: =COUNTIFS(Clips!$F:$F,$B22,Clips!$C:$C,"val") -> 5 | R22: =COUNTIFS(Clips!$F:$F,$B22,Clips!$C:$C,"test") -> 5 | S22: =SUMIFS(Clips!$I:$I,Clips!$F:$F,$B22,Clips!$C:$C,"train")/60 -> 63.479633 | T22: =SUMIFS(Clips!$I:$I,Clips!$F:$F,$B22,Clips!$C:$C,"val")/60 -> 0.73433333 | U22: =SUMIFS(Clips!$I:$I,Clips!$F:$F,$B22,Clips!$C:$C,"test")/60 -> 2.7118333 | V22: =SUMIFS(Clips!$J:$J,Clips!$F:$F,$B22,Clips!$C:$C,"train") -> 708 | W22: =IF(V22=0,"",Splits!$B$49/(Splits!$B$50*V22)) -> 0.22009247 | X22: =IF(P22>0,IF(AND(Q22>0,R22>0),"train + val + test",IF(R22>0,"train + test","train only")),IF(R22>0,"test only (unknown class)",IF(K22>0,"site extract only","no usable audio"))) -> train + val + test | Y22: =IF($P22=0,"",IF($E22="nonbird",$B22,IF($G22="yes",$B22,"other bird"))) -> other bird | Z22: =IF(AND($F22="core",$P22>0),$B22,"") -> Middle American Screech-Owl | AA22: =IF($P22>0,$B22,"") -> Middle American Screech-Owl | AB22: 27 | AC22: 19 | AD22: =IF(COUNTIFS(Clips!$F:$F,$B22,Clips!$M:$M,">0",Clips!$C:$C,"<>excluded")=0,"",AVERAGEIFS(Clips!$M:$M,Clips!$F:$F,$B22,Clips!$M:$M,">0",Clips!$C:$C,"<>excluded")) -> 2.50125 | AE22: =COUNTIFS(Clips!$F:$F,$B22,Clips!$O:$O,"<>",Clips!$B:$B,"<>site",Clips!$C:$C,"<>excluded") -> 0 | AF22: =COUNTIFS(Clips!$F:$F,$B22,Clips!$I:$I,"<5",Clips!$C:$C,"<>excluded") -> 0
A23: 170 | B23: Rufous-tailed Jacamar | C23: Galbula ruficauda | D23: rutjac1 | E23: bird | F23: core | G23: =IF(AND($E23="bird",$K23>0),"yes","") | I23: =IF($E23="bird",IF(COUNTIF('eBird List'!$A:$A,$B23)>0,"yes","no"),"") -> yes | J23: =IF(COUNTIF('eBird List'!$A:$A,$B23)=0,"",INDEX('eBird List'!$C:$C,MATCH($B23,'eBird List'!$A:$A,0))) -> 0.23680605 | K23: =COUNTIFS(Clips!$B:$B,"site",Clips!$F:$F,$B23)+COUNTIFS(Clips!$B:$B,"site",Clips!$O:$O,"*"&$B23&"*") -> 0 | L23: =COUNTIFS(Clips!$F:$F,$B23,Clips!$B:$B,"macaulay") -> 34 | M23: =COUNTIFS(Clips!$F:$F,$B23,Clips!$B:$B,"xeno-canto") -> 0 | N23: =K23+L23+M23 -> 34 | O23: =COUNTIFS(Clips!$F:$F,$B23,Clips!$C:$C,"excluded") -> 0 | P23: =COUNTIFS(Clips!$F:$F,$B23,Clips!$C:$C,"train") -> 24 | Q23: =COUNTIFS(Clips!$F:$F,$B23,Clips!$C:$C,"val") -> 5 | R23: =COUNTIFS(Clips!$F:$F,$B23,Clips!$C:$C,"test") -> 5 | S23: =SUMIFS(Clips!$I:$I,Clips!$F:$F,$B23,Clips!$C:$C,"train")/60 -> 11.774783 | T23: =SUMIFS(Clips!$I:$I,Clips!$F:$F,$B23,Clips!$C:$C,"val")/60 -> 2.6735333 | U23: =SUMIFS(Clips!$I:$I,Clips!$F:$F,$B23,Clips!$C:$C,"test")/60 -> 4.6638333 | V23: =SUMIFS(Clips!$J:$J,Clips!$F:$F,$B23,Clips!$C:$C,"train") -> 153 | W23: =IF(V23=0,"",Splits!$B$49/(Splits!$B$50*V23)) -> 1.0184671 | X23: =IF(P23>0,IF(AND(Q23>0,R23>0),"train + val + test",IF(R23>0,"train + test","train only")),IF(R23>0,"test only (unknown class)",IF(K23>0,"site extract only","no usable audio"))) -> train + val + test | Y23: =IF($P23=0,"",IF($E23="nonbird",$B23,IF($G23="yes",$B23,"other bird"))) -> other bird | Z23: =IF(AND($F23="core",$P23>0),$B23,"") -> Rufous-tailed Jacamar | AA23: =IF($P23>0,$B23,"") -> Rufous-tailed Jacamar | AB23: 32 | AC23: 22 | AD23: =IF(COUNTIFS(Clips!$F:$F,$B23,Clips!$M:$M,">0",Clips!$C:$C,"<>excluded")=0,"",AVERAGEIFS(Clips!$M:$M,Clips!$F:$F,$B23,Clips!$M:$M,">0",Clips!$C:$C,"<>excluded")) -> 3.7 | AE23: =COUNTIFS(Clips!$F:$F,$B23,Clips!$O:$O,"<>",Clips!$B:$B,"<>site",Clips!$C:$C,"<>excluded") -> 1 | AF23: =COUNTIFS(Clips!$F:$F,$B23,Clips!$I:$I,"<5",Clips!$C:$C,"<>excluded") -> 1
A24: 23 | B24: Black-faced Grosbeak | C24: Caryothraustes poliogaster | D24: blfgro1 | E24: bird | F24: core | G24: =IF(AND($E24="bird",$K24>0),"yes","") | I24: =IF($E24="bird",IF(COUNTIF('eBird List'!$A:$A,$B24)>0,"yes","no"),"") -> yes | J24: =IF(COUNTIF('eBird List'!$A:$A,$B24)=0,"",INDEX('eBird List'!$C:$C,MATCH($B24,'eBird List'!$A:$A,0))) -> 0.24952347 | K24: =COUNTIFS(Clips!$B:$B,"site",Clips!$F:$F,$B24)+COUNTIFS(Clips!$B:$B,"site",Clips!$O:$O,"*"&$B24&"*") -> 0 | L24: =COUNTIFS(Clips!$F:$F,$B24,Clips!$B:$B,"macaulay") -> 33 | M24: =COUNTIFS(Clips!$F:$F,$B24,Clips!$B:$B,"xeno-canto") -> 0 | N24: =K24+L24+M24 -> 33 | O24: =COUNTIFS(Clips!$F:$F,$B24,Clips!$C:$C,"excluded") -> 0 | P24: =COUNTIFS(Clips!$F:$F,$B24,Clips!$C:$C,"train") -> 23 | Q24: =COUNTIFS(Clips!$F:$F,$B24,Clips!$C:$C,"val") -> 5 | R24: =COUNTIFS(Clips!$F:$F,$B24,Clips!$C:$C,"test") -> 5 | S24: =SUMIFS(Clips!$I:$I,Clips!$F:$F,$B24,Clips!$C:$C,"train")/60 -> 26.5547 | T24: =SUMIFS(Clips!$I:$I,Clips!$F:$F,$B24,Clips!$C:$C,"val")/60 -> 6.0479 | U24: =SUMIFS(Clips!$I:$I,Clips!$F:$F,$B24,Clips!$C:$C,"test")/60 -> 9.6495833 | V24: =SUMIFS(Clips!$J:$J,Clips!$F:$F,$B24,Clips!$C:$C,"train") -> 333 | W24: =IF(V24=0,"",Splits!$B$49/(Splits!$B$50*V24)) -> 0.46794436 | X24: =IF(P24>0,IF(AND(Q24>0,R24>0),"train + val + test",IF(R24>0,"train + test","train only")),IF(R24>0,"test only (unknown class)",IF(K24>0,"site extract only","no usable audio"))) -> train + val + test | Y24: =IF($P24=0,"",IF($E24="nonbird",$B24,IF($G24="yes",$B24,"other bird"))) -> other bird | Z24: =IF(AND($F24="core",$P24>0),$B24,"") -> Black-faced Grosbeak | AA24: =IF($P24>0,$B24,"") -> Black-faced Grosbeak | AB24: 27 | AC24: 21 | AD24: =IF(COUNTIFS(Clips!$F:$F,$B24,Clips!$M:$M,">0",Clips!$C:$C,"<>excluded")=0,"",AVERAGEIFS(Clips!$M:$M,Clips!$F:$F,$B24,Clips!$M:$M,">0",Clips!$C:$C,"<>excluded")) -> 3.0428571 | AE24: =COUNTIFS(Clips!$F:$F,$B24,Clips!$O:$O,"<>",Clips!$B:$B,"<>site",Clips!$C:$C,"<>excluded") -> 5 | AF24: =COUNTIFS(Clips!$F:$F,$B24,Clips!$I:$I,"<5",Clips!$C:$C,"<>excluded") -> 1
A25: 159 | B25: Red-lored Amazon | C25: Amazona autumnalis | D25: relpar10 | E25: bird | F25: core | G25: =IF(AND($E25="bird",$K25>0),"yes","") -> yes | H25: yes | I25: =IF($E25="bird",IF(COUNTIF('eBird List'!$A:$A,$B25)>0,"yes","no"),"") -> yes | J25: =IF(COUNTIF('eBird List'!$A:$A,$B25)=0,"",INDEX('eBird List'!$C:$C,MATCH($B25,'eBird List'!$A:$A,0))) -> 0.32850846 | K25: =COUNTIFS(Clips!$B:$B,"site",Clips!$F:$F,$B25)+COUNTIFS(Clips!$B:$B,"site",Clips!$O:$O,"*"&$B25&"*") -> 2 | L25: =COUNTIFS(Clips!$F:$F,$B25,Clips!$B:$B,"macaulay") -> 32 | M25: =COUNTIFS(Clips!$F:$F,$B25,Clips!$B:$B,"xeno-canto") -> 1 | N25: =K25+L25+M25 -> 35 | O25: =COUNTIFS(Clips!$F:$F,$B25,Clips!$C:$C,"excluded") -> 0 | P25: =COUNTIFS(Clips!$F:$F,$B25,Clips!$C:$C,"train") -> 23 | Q25: =COUNTIFS(Clips!$F:$F,$B25,Clips!$C:$C,"val") -> 5 | R25: =COUNTIFS(Clips!$F:$F,$B25,Clips!$C:$C,"test") -> 5 | S25: =SUMIFS(Clips!$I:$I,Clips!$F:$F,$B25,Clips!$C:$C,"train")/60 -> 16.613417 | T25: =SUMIFS(Clips!$I:$I,Clips!$F:$F,$B25,Clips!$C:$C,"val")/60 -> 2.1013167 | U25: =SUMIFS(Clips!$I:$I,Clips!$F:$F,$B25,Clips!$C:$C,"test")/60 -> 4.7195167 | V25: =SUMIFS(Clips!$J:$J,Clips!$F:$F,$B25,Clips!$C:$C,"train") -> 212 | W25: =IF(V25=0,"",Splits!$B$49/(Splits!$B$50*V25)) -> 0.73502581 | X25: =IF(P25>0,IF(AND(Q25>0,R25>0),"train + val + test",IF(R25>0,"train + test","train only")),IF(R25>0,"test only (unknown class)",IF(K25>0,"site extract only","no usable audio"))) -> train + val + test | Y25: =IF($P25=0,"",IF($E25="nonbird",$B25,IF($G25="yes",$B25,"other bird"))) -> Red-lored Amazon | Z25: =IF(AND($F25="core",$P25>0),$B25,"") -> Red-lored Amazon | AA25: =IF($P25>0,$B25,"") -> Red-lored Amazon | AB25: 25 | AC25: 20 | AD25: =IF(COUNTIFS(Clips!$F:$F,$B25,Clips!$M:$M,">0",Clips!$C:$C,"<>excluded")=0,"",AVERAGEIFS(Clips!$M:$M,Clips!$F:$F,$B25,Clips!$M:$M,">0",Clips!$C:$C,"<>excluded")) -> 3.2180645 | AE25: =COUNTIFS(Clips!$F:$F,$B25,Clips!$O:$O,"<>",Clips!$B:$B,"<>site",Clips!$C:$C,"<>excluded") -> 6 | AF25: =COUNTIFS(Clips!$F:$F,$B25,Clips!$I:$I,"<5",Clips!$C:$C,"<>excluded") -> 0 | AG25: Site: Logged as Red lored parrot; both flagged Multiple birds? in the log
A26: 76 | B26: Dusky Antbird | C26: Cercomacroides tyrannina | D26: dusant1 | E26: bird | F26: core | G26: =IF(AND($E26="bird",$K26>0),"yes","") | I26: =IF($E26="bird",IF(COUNTIF('eBird List'!$A:$A,$B26)>0,"yes","no"),"") -> yes | J26: =IF(COUNTIF('eBird List'!$A:$A,$B26)=0,"",INDEX('eBird List'!$C:$C,MATCH($B26,'eBird List'!$A:$A,0))) -> 0.07496426 | K26: =COUNTIFS(Clips!$B:$B,"site",Clips!$F:$F,$B26)+COUNTIFS(Clips!$B:$B,"site",Clips!$O:$O,"*"&$B26&"*") -> 0 | L26: =COUNTIFS(Clips!$F:$F,$B26,Clips!$B:$B,"macaulay") -> 33 | M26: =COUNTIFS(Clips!$F:$F,$B26,Clips!$B:$B,"xeno-canto") -> 0 | N26: =K26+L26+M26 -> 33 | O26: =COUNTIFS(Clips!$F:$F,$B26,Clips!$C:$C,"excluded") -> 1 | P26: =COUNTIFS(Clips!$F:$F,$B26,Clips!$C:$C,"train") -> 22 | Q26: =COUNTIFS(Clips!$F:$F,$B26,Clips!$C:$C,"val") -> 5 | R26: =COUNTIFS(Clips!$F:$F,$B26,Clips!$C:$C,"test") -> 5 | S26: =SUMIFS(Clips!$I:$I,Clips!$F:$F,$B26,Clips!$C:$C,"train")/60 -> 18.165383 | T26: =SUMIFS(Clips!$I:$I,Clips!$F:$F,$B26,Clips!$C:$C,"val")/60 -> 4.1839833 | U26: =SUMIFS(Clips!$I:$I,Clips!$F:$F,$B26,Clips!$C:$C,"test")/60 -> 3.7661 | V26: =SUMIFS(Clips!$J:$J,Clips!$F:$F,$B26,Clips!$C:$C,"train") -> 228 | W26: =IF(V26=0,"",Splits!$B$49/(Splits!$B$50*V26)) -> 0.68344505 | X26: =IF(P26>0,IF(AND(Q26>0,R26>0),"train + val + test",IF(R26>0,"train + test","train only")),IF(R26>0,"test only (unknown class)",IF(K26>0,"site extract only","no usable audio"))) -> train + val + test | Y26: =IF($P26=0,"",IF($E26="nonbird",$B26,IF($G26="yes",$B26,"other bird"))) -> other bird | Z26: =IF(AND($F26="core",$P26>0),$B26,"") -> Dusky Antbird | AA26: =IF($P26>0,$B26,"") -> Dusky Antbird | AB26: 28 | AC26: 22 | AD26: =IF(COUNTIFS(Clips!$F:$F,$B26,Clips!$M:$M,">0",Clips!$C:$C,"<>excluded")=0,"",AVERAGEIFS(Clips!$M:$M,Clips!$F:$F,$B26,Clips!$M:$M,">0",Clips!$C:$C,"<>excluded")) -> 3.40625 | AE26: =COUNTIFS(Clips!$F:$F,$B26,Clips!$O:$O,"<>",Clips!$B:$B,"<>site",Clips!$C:$C,"<>excluded") -> 3 | AF26: =COUNTIFS(Clips!$F:$F,$B26,Clips!$I:$I,"<5",Clips!$C:$C,"<>excluded") -> 2
A27: 139 | B27: Ochre-bellied Flycatcher | C27: Mionectes oleagineus | D27: ocbfly1 | E27: bird | F27: core | G27: =IF(AND($E27="bird",$K27>0),"yes","") | I27: =IF($E27="bird",IF(COUNTIF('eBird List'!$A:$A,$B27)>0,"yes","no"),"") -> yes | J27: =IF(COUNTIF('eBird List'!$A:$A,$B27)=0,"",INDEX('eBird List'!$C:$C,MATCH($B27,'eBird List'!$A:$A,0))) -> 0.13268406 | K27: =COUNTIFS(Clips!$B:$B,"site",Clips!$F:$F,$B27)+COUNTIFS(Clips!$B:$B,"site",Clips!$O:$O,"*"&$B27&"*") -> 0 | L27: =COUNTIFS(Clips!$F:$F,$B27,Clips!$B:$B,"macaulay") -> 32 | M27: =COUNTIFS(Clips!$F:$F,$B27,Clips!$B:$B,"xeno-canto") -> 0 | N27: =K27+L27+M27 -> 32 | O27: =COUNTIFS(Clips!$F:$F,$B27,Clips!$C:$C,"excluded") -> 0 | P27: =COUNTIFS(Clips!$F:$F,$B27,Clips!$C:$C,"train") -> 22 | Q27: =COUNTIFS(Clips!$F:$F,$B27,Clips!$C:$C,"val") -> 5 | R27: =COUNTIFS(Clips!$F:$F,$B27,Clips!$C:$C,"test") -> 5 | S27: =SUMIFS(Clips!$I:$I,Clips!$F:$F,$B27,Clips!$C:$C,"train")/60 -> 31.489117 | T27: =SUMIFS(Clips!$I:$I,Clips!$F:$F,$B27,Clips!$C:$C,"val")/60 -> 10.3242 | U27: =SUMIFS(Clips!$I:$I,Clips!$F:$F,$B27,Clips!$C:$C,"test")/60 -> 4.7204667 | V27: =SUMIFS(Clips!$J:$J,Clips!$F:$F,$B27,Clips!$C:$C,"train") -> 389 | W27: =IF(V27=0,"",Splits!$B$49/(Splits!$B$50*V27)) -> 0.40057962 | X27: =IF(P27>0,IF(AND(Q27>0,R27>0),"train + val + test",IF(R27>0,"train + test","train only")),IF(R27>0,"test only (unknown class)",IF(K27>0,"site extract only","no usable audio"))) -> train + val + test | Y27: =IF($P27=0,"",IF($E27="nonbird",$B27,IF($G27="yes",$B27,"other bird"))) -> other bird | Z27: =IF(AND($F27="core",$P27>0),$B27,"") -> Ochre-bellied Flycatcher | AA27: =IF($P27>0,$B27,"") -> Ochre-bellied Flycatcher | AB27: 27 | AC27: 14 | AD27: =IF(COUNTIFS(Clips!$F:$F,$B27,Clips!$M:$M,">0",Clips!$C:$C,"<>excluded")=0,"",AVERAGEIFS(Clips!$M:$M,Clips!$F:$F,$B27,Clips!$M:$M,">0",Clips!$C:$C,"<>excluded")) -> 2.9603125 | AE27: =COUNTIFS(Clips!$F:$F,$B27,Clips!$O:$O,"<>",Clips!$B:$B,"<>site",Clips!$C:$C,"<>excluded") -> 1 | AF27: =COUNTIFS(Clips!$F:$F,$B27,Clips!$I:$I,"<5",Clips!$C:$C,"<>excluded") -> 0
A28: 145 | B28: Orange-billed Sparrow | C28: Arremon aurantiirostris | D28: orbspa2 | E28: bird | F28: core | G28: =IF(AND($E28="bird",$K28>0),"yes","") | I28: =IF($E28="bird",IF(COUNTIF('eBird List'!$A:$A,$B28)>0,"yes","no"),"") -> yes | J28: =IF(COUNTIF('eBird List'!$A:$A,$B28)=0,"",INDEX('eBird List'!$C:$C,MATCH($B28,'eBird List'!$A:$A,0))) -> 0.24201811 | K28: =COUNTIFS(Clips!$B:$B,"site",Clips!$F:$F,$B28)+COUNTIFS(Clips!$B:$B,"site",Clips!$O:$O,"*"&$B28&"*") -> 0 | L28: =COUNTIFS(Clips!$F:$F,$B28,Clips!$B:$B,"macaulay") -> 32 | M28: =COUNTIFS(Clips!$F:$F,$B28,Clips!$B:$B,"xeno-canto") -> 0 | N28: =K28+L28+M28 -> 32 | O28: =COUNTIFS(Clips!$F:$F,$B28,Clips!$C:$C,"excluded") -> 0 | P28: =COUNTIFS(Clips!$F:$F,$B28,Clips!$C:$C,"train") -> 22 | Q28: =COUNTIFS(Clips!$F:$F,$B28,Clips!$C:$C,"val") -> 5 | R28: =COUNTIFS(Clips!$F:$F,$B28,Clips!$C:$C,"test") -> 5 | S28: =SUMIFS(Clips!$I:$I,Clips!$F:$F,$B28,Clips!$C:$C,"train")/60 -> 18.459483 | T28: =SUMIFS(Clips!$I:$I,Clips!$F:$F,$B28,Clips!$C:$C,"val")/60 -> 1.4873 | U28: =SUMIFS(Clips!$I:$I,Clips!$F:$F,$B28,Clips!$C:$C,"test")/60 -> 2.2680833 | V28: =SUMIFS(Clips!$J:$J,Clips!$F:$F,$B28,Clips!$C:$C,"train") -> 230 | W28: =IF(V28=0,"",Splits!$B$49/(Splits!$B$50*V28)) -> 0.67750205 | X28: =IF(P28>0,IF(AND(Q28>0,R28>0),"train + val + test",IF(R28>0,"train + test","train only")),IF(R28>0,"test only (unknown class)",IF(K28>0,"site extract only","no usable audio"))) -> train + val + test | Y28: =IF($P28=0,"",IF($E28="nonbird",$B28,IF($G28="yes",$B28,"other bird"))) -> other bird | Z28: =IF(AND($F28="core",$P28>0),$B28,"") -> Orange-billed Sparrow | AA28: =IF($P28>0,$B28,"") -> Orange-billed Sparrow | AB28: 26 | AC28: 18 | AD28: =IF(COUNTIFS(Clips!$F:$F,$B28,Clips!$M:$M,">0",Clips!$C:$C,"<>excluded")=0,"",AVERAGEIFS(Clips!$M:$M,Clips!$F:$F,$B28,Clips!$M:$M,">0",Clips!$C:$C,"<>excluded")) -> 3.3045455 | AE28: =COUNTIFS(Clips!$F:$F,$B28,Clips!$O:$O,"<>",Clips!$B:$B,"<>site",Clips!$C:$C,"<>excluded") -> 1 | AF28: =COUNTIFS(Clips!$F:$F,$B28,Clips!$I:$I,"<5",Clips!$C:$C,"<>excluded") -> 0
A29: 63 | B29: Common Pauraque | C29: Nyctidromus albicollis | D29: compau | E29: bird | F29: core | G29: =IF(AND($E29="bird",$K29>0),"yes","") | I29: =IF($E29="bird",IF(COUNTIF('eBird List'!$A:$A,$B29)>0,"yes","no"),"") -> yes | J29: =IF(COUNTIF('eBird List'!$A:$A,$B29)=0,"",INDEX('eBird List'!$C:$C,MATCH($B29,'eBird List'!$A:$A,0))) -> 0.13345842 | K29: =COUNTIFS(Clips!$B:$B,"site",Clips!$F:$F,$B29)+COUNTIFS(Clips!$B:$B,"site",Clips!$O:$O,"*"&$B29&"*") -> 0 | L29: =COUNTIFS(Clips!$F:$F,$B29,Clips!$B:$B,"macaulay") -> 31 | M29: =COUNTIFS(Clips!$F:$F,$B29,Clips!$B:$B,"xeno-canto") -> 0 | N29: =K29+L29+M29 -> 31 | O29: =COUNTIFS(Clips!$F:$F,$B29,Clips!$C:$C,"excluded") -> 0 | P29: =COUNTIFS(Clips!$F:$F,$B29,Clips!$C:$C,"train") -> 21 | Q29: =COUNTIFS(Clips!$F:$F,$B29,Clips!$C:$C,"val") -> 5 | R29: =COUNTIFS(Clips!$F:$F,$B29,Clips!$C:$C,"test") -> 5 | S29: =SUMIFS(Clips!$I:$I,Clips!$F:$F,$B29,Clips!$C:$C,"train")/60 -> 8.5469667 | T29: =SUMIFS(Clips!$I:$I,Clips!$F:$F,$B29,Clips!$C:$C,"val")/60 -> 3.736 | U29: =SUMIFS(Clips!$I:$I,Clips!$F:$F,$B29,Clips!$C:$C,"test")/60 -> 2.2818 | V29: =SUMIFS(Clips!$J:$J,Clips!$F:$F,$B29,Clips!$C:$C,"train") -> 114 | W29: =IF(V29=0,"",Splits!$B$49/(Splits!$B$50*V29)) -> 1.3668901 | X29: =IF(P29>0,IF(AND(Q29>0,R29>0),"train + val + test",IF(R29>0,"train + test","train only")),IF(R29>0,"test only (unknown class)",IF(K29>0,"site extract only","no usable audio"))) -> train + val + test | Y29: =IF($P29=0,"",IF($E29="nonbird",$B29,IF($G29="yes",$B29,"other bird"))) -> other bird | Z29: =IF(AND($F29="core",$P29>0),$B29,"") -> Common Pauraque | AA29: =IF($P29>0,$B29,"") -> Common Pauraque | AB29: 30 | AC29: 24 | AD29: =IF(COUNTIFS(Clips!$F:$F,$B29,Clips!$M:$M,">0",Clips!$C:$C,"<>excluded")=0,"",AVERAGEIFS(Clips!$M:$M,Clips!$F:$F,$B29,Clips!$M:$M,">0",Clips!$C:$C,"<>excluded")) -> 3.5483333 | AE29: =COUNTIFS(Clips!$F:$F,$B29,Clips!$O:$O,"<>",Clips!$B:$B,"<>site",Clips!$C:$C,"<>excluded") -> 1 | AF29: =COUNTIFS(Clips!$F:$F,$B29,Clips!$I:$I,"<5",Clips!$C:$C,"<>excluded") -> 2
A30: 18 | B30: Black-capped Pygmy-Tyrant | C30: Myiornis atricapillus | D30: bcptyr1 | E30: bird | F30: core | G30: =IF(AND($E30="bird",$K30>0),"yes","") | I30: =IF($E30="bird",IF(COUNTIF('eBird List'!$A:$A,$B30)>0,"yes","no"),"") -> yes | J30: =IF(COUNTIF('eBird List'!$A:$A,$B30)=0,"",INDEX('eBird List'!$C:$C,MATCH($B30,'eBird List'!$A:$A,0))) -> 0.072253991 | K30: =COUNTIFS(Clips!$B:$B,"site",Clips!$F:$F,$B30)+COUNTIFS(Clips!$B:$B,"site",Clips!$O:$O,"*"&$B30&"*") -> 0 | L30: =COUNTIFS(Clips!$F:$F,$B30,Clips!$B:$B,"macaulay") -> 30 | M30: =COUNTIFS(Clips!$F:$F,$B30,Clips!$B:$B,"xeno-canto") -> 0 | N30: =K30+L30+M30 -> 30 | O30: =COUNTIFS(Clips!$F:$F,$B30,Clips!$C:$C,"excluded") -> 0 | P30: =COUNTIFS(Clips!$F:$F,$B30,Clips!$C:$C,"train") -> 22 | Q30: =COUNTIFS(Clips!$F:$F,$B30,Clips!$C:$C,"val") -> 4 | R30: =COUNTIFS(Clips!$F:$F,$B30,Clips!$C:$C,"test") -> 4 | S30: =SUMIFS(Clips!$I:$I,Clips!$F:$F,$B30,Clips!$C:$C,"train")/60 -> 17.15035 | T30: =SUMIFS(Clips!$I:$I,Clips!$F:$F,$B30,Clips!$C:$C,"val")/60 -> 2.8208833 | U30: =SUMIFS(Clips!$I:$I,Clips!$F:$F,$B30,Clips!$C:$C,"test")/60 -> 4.5593833 | V30: =SUMIFS(Clips!$J:$J,Clips!$F:$F,$B30,Clips!$C:$C,"train") -> 217 | W30: =IF(V30=0,"",Splits!$B$49/(Splits!$B$50*V30)) -> 0.71808973 | X30: =IF(P30>0,IF(AND(Q30>0,R30>0),"train + val + test",IF(R30>0,"train + test","train only")),IF(R30>0,"test only (unknown class)",IF(K30>0,"site extract only","no usable audio"))) -> train + val + test | Y30: =IF($P30=0,"",IF($E30="nonbird",$B30,IF($G30="yes",$B30,"other bird"))) -> other bird | Z30: =IF(AND($F30="core",$P30>0),$B30,"") -> Black-capped Pygmy-Tyrant | AA30: =IF($P30>0,$B30,"") -> Black-capped Pygmy-Tyrant | AB30: 29 | AC30: 24 | AD30: =IF(COUNTIFS(Clips!$F:$F,$B30,Clips!$M:$M,">0",Clips!$C:$C,"<>excluded")=0,"",AVERAGEIFS(Clips!$M:$M,Clips!$F:$F,$B30,Clips!$M:$M,">0",Clips!$C:$C,"<>excluded")) -> 2.7015789 | AE30: =COUNTIFS(Clips!$F:$F,$B30,Clips!$O:$O,"<>",Clips!$B:$B,"<>site",Clips!$C:$C,"<>excluded") -> 2 | AF30: =COUNTIFS(Clips!$F:$F,$B30,Clips!$I:$I,"<5",Clips!$C:$C,"<>excluded") -> 0
A31: 186 | B31: Slaty-breasted Tinamou | C31: Crypturellus boucardi | D31: slbtin1 | E31: bird | F31: core | G31: =IF(AND($E31="bird",$K31>0),"yes","") | I31: =IF($E31="bird",IF(COUNTIF('eBird List'!$A:$A,$B31)>0,"yes","no"),"") -> yes | J31: =IF(COUNTIF('eBird List'!$A:$A,$B31)=0,"",INDEX('eBird List'!$C:$C,MATCH($B31,'eBird List'!$A:$A,0))) -> 0.075857756 | K31: =COUNTIFS(Clips!$B:$B,"site",Clips!$F:$F,$B31)+COUNTIFS(Clips!$B:$B,"site",Clips!$O:$O,"*"&$B31&"*") -> 0 | L31: =COUNTIFS(Clips!$F:$F,$B31,Clips!$B:$B,"macaulay") -> 30 | M31: =COUNTIFS(Clips!$F:$F,$B31,Clips!$B:$B,"xeno-canto") -> 0 | N31: =K31+L31+M31 -> 30 | O31: =COUNTIFS(Clips!$F:$F,$B31,Clips!$C:$C,"excluded") -> 0 | P31: =COUNTIFS(Clips!$F:$F,$B31,Clips!$C:$C,"train") -> 22 | Q31: =COUNTIFS(Clips!$F:$F,$B31,Clips!$C:$C,"val") -> 4 | R31: =COUNTIFS(Clips!$F:$F,$B31,Clips!$C:$C,"test") -> 4 | S31: =SUMIFS(Clips!$I:$I,Clips!$F:$F,$B31,Clips!$C:$C,"train")/60 -> 57.829983 | T31: =SUMIFS(Clips!$I:$I,Clips!$F:$F,$B31,Clips!$C:$C,"val")/60 -> 7.4555167 | U31: =SUMIFS(Clips!$I:$I,Clips!$F:$F,$B31,Clips!$C:$C,"test")/60 -> 1.7810333 | V31: =SUMIFS(Clips!$J:$J,Clips!$F:$F,$B31,Clips!$C:$C,"train") -> 528 | W31: =IF(V31=0,"",Splits!$B$49/(Splits!$B$50*V31)) -> 0.295124 | X31: =IF(P31>0,IF(AND(Q31>0,R31>0),"train + val + test",IF(R31>0,"train + test","train only")),IF(R31>0,"test only (unknown class)",IF(K31>0,"site extract only","no usable audio"))) -> train + val + test | Y31: =IF($P31=0,"",IF($E31="nonbird",$B31,IF($G31="yes",$B31,"other bird"))) -> other bird | Z31: =IF(AND($F31="core",$P31>0),$B31,"") -> Slaty-breasted Tinamou | AA31: =IF($P31>0,$B31,"") -> Slaty-breasted Tinamou | AB31: 26 | AC31: 21 | AD31: =IF(COUNTIFS(Clips!$F:$F,$B31,Clips!$M:$M,">0",Clips!$C:$C,"<>excluded")=0,"",AVERAGEIFS(Clips!$M:$M,Clips!$F:$F,$B31,Clips!$M:$M,">0",Clips!$C:$C,"<>excluded")) -> 3.0491667 | AE31: =COUNTIFS(Clips!$F:$F,$B31,Clips!$O:$O,"<>",Clips!$B:$B,"<>site",Clips!$C:$C,"<>excluded") -> 1 | AF31: =COUNTIFS(Clips!$F:$F,$B31,Clips!$I:$I,"<5",Clips!$C:$C,"<>excluded") -> 0
A32: 112 | B32: Keel-billed Toucan | C32: Ramphastos sulfuratus | D32: kebtou1 | E32: bird | F32: core | G32: =IF(AND($E32="bird",$K32>0),"yes","") | I32: =IF($E32="bird",IF(COUNTIF('eBird List'!$A:$A,$B32)>0,"yes","no"),"") -> yes | J32: =IF(COUNTIF('eBird List'!$A:$A,$B32)=0,"",INDEX('eBird List'!$C:$C,MATCH($B32,'eBird List'!$A:$A,0))) -> 0.38953419 | K32: =COUNTIFS(Clips!$B:$B,"site",Clips!$F:$F,$B32)+COUNTIFS(Clips!$B:$B,"site",Clips!$O:$O,"*"&$B32&"*") -> 0 | L32: =COUNTIFS(Clips!$F:$F,$B32,Clips!$B:$B,"macaulay") -> 26 | M32: =COUNTIFS(Clips!$F:$F,$B32,Clips!$B:$B,"xeno-canto") -> 2 | N32: =K32+L32+M32 -> 28 | O32: =COUNTIFS(Clips!$F:$F,$B32,Clips!$C:$C,"excluded") -> 0 | P32: =COUNTIFS(Clips!$F:$F,$B32,Clips!$C:$C,"train") -> 20 | Q32: =COUNTIFS(Clips!$F:$F,$B32,Clips!$C:$C,"val") -> 4 | R32: =COUNTIFS(Clips!$F:$F,$B32,Clips!$C:$C,"test") -> 4 | S32: =SUMIFS(Clips!$I:$I,Clips!$F:$F,$B32,Clips!$C:$C,"train")/60 -> 21.937717 | T32: =SUMIFS(Clips!$I:$I,Clips!$F:$F,$B32,Clips!$C:$C,"val")/60 -> 2.92485 | U32: =SUMIFS(Clips!$I:$I,Clips!$F:$F,$B32,Clips!$C:$C,"test")/60 -> 3.7008167 | V32: =SUMIFS(Clips!$J:$J,Clips!$F:$F,$B32,Clips!$C:$C,"train") -> 274 | W32: =IF(V32=0,"",Splits!$B$49/(Splits!$B$50*V32)) -> 0.5687061 | X32: =IF(P32>0,IF(AND(Q32>0,R32>0),"train + val + test",IF(R32>0,"train + test","train only")),IF(R32>0,"test only (unknown class)",IF(K32>0,"site extract only","no usable audio"))) -> train + val + test | Y32: =IF($P32=0,"",IF($E32="nonbird",$B32,IF($G32="yes",$B32,"other bird"))) -> other bird | Z32: =IF(AND($F32="core",$P32>0),$B32,"") -> Keel-billed Toucan | AA32: =IF($P32>0,$B32,"") -> Keel-billed Toucan | AB32: 24 | AC32: 18 | AD32: =IF(COUNTIFS(Clips!$F:$F,$B32,Clips!$M:$M,">0",Clips!$C:$C,"<>excluded")=0,"",AVERAGEIFS(Clips!$M:$M,Clips!$F:$F,$B32,Clips!$M:$M,">0",Clips!$C:$C,"<>excluded")) -> 3.3130435 | AE32: =COUNTIFS(Clips!$F:$F,$B32,Clips!$O:$O,"<>",Clips!$B:$B,"<>site",Clips!$C:$C,"<>excluded") -> 1 | AF32: =COUNTIFS(Clips!$F:$F,$B32,Clips!$I:$I,"<5",Clips!$C:$C,"<>excluded") -> 0
A33: 180 | B33: Short-billed Pigeon | C33: Patagioenas nigrirostris | D33: shbpig | E33: bird | F33: core | G33: =IF(AND($E33="bird",$K33>0),"yes","") | I33: =IF($E33="bird",IF(COUNTIF('eBird List'!$A:$A,$B33)>0,"yes","no"),"") -> yes | J33: =IF(COUNTIF('eBird List'!$A:$A,$B33)=0,"",INDEX('eBird List'!$C:$C,MATCH($B33,'eBird List'!$A:$A,0))) -> 0.37059209 | K33: =COUNTIFS(Clips!$B:$B,"site",Clips!$F:$F,$B33)+COUNTIFS(Clips!$B:$B,"site",Clips!$O:$O,"*"&$B33&"*") -> 0 | L33: =COUNTIFS(Clips!$F:$F,$B33,Clips!$B:$B,"macaulay") -> 28 | M33: =COUNTIFS(Clips!$F:$F,$B33,Clips!$B:$B,"xeno-canto") -> 0 | N33: =K33+L33+M33 -> 28 | O33: =COUNTIFS(Clips!$F:$F,$B33,Clips!$C:$C,"excluded") -> 0 | P33: =COUNTIFS(Clips!$F:$F,$B33,Clips!$C:$C,"train") -> 20 | Q33: =COUNTIFS(Clips!$F:$F,$B33,Clips!$C:$C,"val") -> 4 | R33: =COUNTIFS(Clips!$F:$F,$B33,Clips!$C:$C,"test") -> 4 | S33: =SUMIFS(Clips!$I:$I,Clips!$F:$F,$B33,Clips!$C:$C,"train")/60 -> 12.493933 | T33: =SUMIFS(Clips!$I:$I,Clips!$F:$F,$B33,Clips!$C:$C,"val")/60 -> 2.1236 | U33: =SUMIFS(Clips!$I:$I,Clips!$F:$F,$B33,Clips!$C:$C,"test")/60 -> 5.9225833 | V33: =SUMIFS(Clips!$J:$J,Clips!$F:$F,$B33,Clips!$C:$C,"train") -> 158 | W33: =IF(V33=0,"",Splits!$B$49/(Splits!$B$50*V33)) -> 0.98623716 | X33: =IF(P33>0,IF(AND(Q33>0,R33>0),"train + val + test",IF(R33>0,"train + test","train only")),IF(R33>0,"test only (unknown class)",IF(K33>0,"site extract only","no usable audio"))) -> train + val + test | Y33: =IF($P33=0,"",IF($E33="nonbird",$B33,IF($G33="yes",$B33,"other bird"))) -> other bird | Z33: =IF(AND($F33="core",$P33>0),$B33,"") -> Short-billed Pigeon | AA33: =IF($P33>0,$B33,"") -> Short-billed Pigeon | AB33: 25 | AC33: 21 | AD33: =IF(COUNTIFS(Clips!$F:$F,$B33,Clips!$M:$M,">0",Clips!$C:$C,"<>excluded")=0,"",AVERAGEIFS(Clips!$M:$M,Clips!$F:$F,$B33,Clips!$M:$M,">0",Clips!$C:$C,"<>excluded")) -> 2.7461905 | AE33: =COUNTIFS(Clips!$F:$F,$B33,Clips!$O:$O,"<>",Clips!$B:$B,"<>site",Clips!$C:$C,"<>excluded") -> 5 | AF33: =COUNTIFS(Clips!$F:$F,$B33,Clips!$I:$I,"<5",Clips!$C:$C,"<>excluded") -> 4
A34: 90 | B34: Gray-capped Flycatcher | C34: Myiozetetes granadensis | D34: grcfly1 | E34: bird | F34: core | G34: =IF(AND($E34="bird",$K34>0),"yes","") | I34: =IF($E34="bird",IF(COUNTIF('eBird List'!$A:$A,$B34)>0,"yes","no"),"") -> yes | J34: =IF(COUNTIF('eBird List'!$A:$A,$B34)=0,"",INDEX('eBird List'!$C:$C,MATCH($B34,'eBird List'!$A:$A,0))) -> 0.32133071 | K34: =COUNTIFS(Clips!$B:$B,"site",Clips!$F:$F,$B34)+COUNTIFS(Clips!$B:$B,"site",Clips!$O:$O,"*"&$B34&"*") -> 0 | L34: =COUNTIFS(Clips!$F:$F,$B34,Clips!$B:$B,"macaulay") -> 24 | M34: =COUNTIFS(Clips!$F:$F,$B34,Clips!$B:$B,"xeno-canto") -> 1 | N34: =K34+L34+M34 -> 25 | O34: =COUNTIFS(Clips!$F:$F,$B34,Clips!$C:$C,"excluded") -> 0 | P34: =COUNTIFS(Clips!$F:$F,$B34,Clips!$C:$C,"train") -> 17 | Q34: =COUNTIFS(Clips!$F:$F,$B34,Clips!$C:$C,"val") -> 4 | R34: =COUNTIFS(Clips!$F:$F,$B34,Clips!$C:$C,"test") -> 4 | S34: =SUMIFS(Clips!$I:$I,Clips!$F:$F,$B34,Clips!$C:$C,"train")/60 -> 10.084583 | T34: =SUMIFS(Clips!$I:$I,Clips!$F:$F,$B34,Clips!$C:$C,"val")/60 -> 0.77241667 | U34: =SUMIFS(Clips!$I:$I,Clips!$F:$F,$B34,Clips!$C:$C,"test")/60 -> 2.7575 | V34: =SUMIFS(Clips!$J:$J,Clips!$F:$F,$B34,Clips!$C:$C,"train") -> 131 | W34: =IF(V34=0,"",Splits!$B$49/(Splits!$B$50*V34)) -> 1.1895074 | X34: =IF(P34>0,IF(AND(Q34>0,R34>0),"train + val + test",IF(R34>0,"train + test","train only")),IF(R34>0,"test only (unknown class)",IF(K34>0,"site extract only","no usable audio"))) -> train + val + test | Y34: =IF($P34=0,"",IF($E34="nonbird",$B34,IF($G34="yes",$B34,"other bird"))) -> other bird | Z34: =IF(AND($F34="core",$P34>0),$B34,"") -> Gray-capped Flycatcher | AA34: =IF($P34>0,$B34,"") -> Gray-capped Flycatcher | AB34: 21 | AC34: 15 | AD34: =IF(COUNTIFS(Clips!$F:$F,$B34,Clips!$M:$M,">0",Clips!$C:$C,"<>excluded")=0,"",AVERAGEIFS(Clips!$M:$M,Clips!$F:$F,$B34,Clips!$M:$M,">0",Clips!$C:$C,"<>excluded")) -> 3.0652174 | AE34: =COUNTIFS(Clips!$F:$F,$B34,Clips!$O:$O,"<>",Clips!$B:$B,"<>site",Clips!$C:$C,"<>excluded") -> 6 | AF34: =COUNTIFS(Clips!$F:$F,$B34,Clips!$I:$I,"<5",Clips!$C:$C,"<>excluded") -> 0
A35: 106 | B35: Green Ibis | C35: Mesembrinibis cayennensis | D35: greibi1 | E35: bird | F35: core | G35: =IF(AND($E35="bird",$K35>0),"yes","") -> yes | H35: yes | I35: =IF($E35="bird",IF(COUNTIF('eBird List'!$A:$A,$B35)>0,"yes","no"),"") -> yes | J35: =IF(COUNTIF('eBird List'!$A:$A,$B35)=0,"",INDEX('eBird List'!$C:$C,MATCH($B35,'eBird List'!$A:$A,0))) -> 0.20231713 | K35: =COUNTIFS(Clips!$B:$B,"site",Clips!$F:$F,$B35)+COUNTIFS(Clips!$B:$B,"site",Clips!$O:$O,"*"&$B35&"*") -> 3 | L35: =COUNTIFS(Clips!$F:$F,$B35,Clips!$B:$B,"macaulay") -> 25 | M35: =COUNTIFS(Clips!$F:$F,$B35,Clips!$B:$B,"xeno-canto") -> 0 | N35: =K35+L35+M35 -> 28 | O35: =COUNTIFS(Clips!$F:$F,$B35,Clips!$C:$C,"excluded") -> 1 | P35: =COUNTIFS(Clips!$F:$F,$B35,Clips!$C:$C,"train") -> 16 | Q35: =COUNTIFS(Clips!$F:$F,$B35,Clips!$C:$C,"val") -> 4 | R35: =COUNTIFS(Clips!$F:$F,$B35,Clips!$C:$C,"test") -> 4 | S35: =SUMIFS(Clips!$I:$I,Clips!$F:$F,$B35,Clips!$C:$C,"train")/60 -> 16.578767 | T35: =SUMIFS(Clips!$I:$I,Clips!$F:$F,$B35,Clips!$C:$C,"val")/60 -> 2.19535 | U35: =SUMIFS(Clips!$I:$I,Clips!$F:$F,$B35,Clips!$C:$C,"test")/60 -> 3.8195 | V35: =SUMIFS(Clips!$J:$J,Clips!$F:$F,$B35,Clips!$C:$C,"train") -> 206 | W35: =IF(V35=0,"",Splits!$B$49/(Splits!$B$50*V35)) -> 0.75643433 | X35: =IF(P35>0,IF(AND(Q35>0,R35>0),"train + val + test",IF(R35>0,"train + test","train only")),IF(R35>0,"test only (unknown class)",IF(K35>0,"site extract only","no usable audio"))) -> train + val + test | Y35: =IF($P35=0,"",IF($E35="nonbird",$B35,IF($G35="yes",$B35,"other bird"))) -> Green Ibis | Z35: =IF(AND($F35="core",$P35>0),$B35,"") -> Green Ibis | AA35: =IF($P35>0,$B35,"") -> Green Ibis | AB35: 23 | AC35: 22 | AD35: =IF(COUNTIFS(Clips!$F:$F,$B35,Clips!$M:$M,">0",Clips!$C:$C,"<>excluded")=0,"",AVERAGEIFS(Clips!$M:$M,Clips!$F:$F,$B35,Clips!$M:$M,">0",Clips!$C:$C,"<>excluded")) -> 3.0190909 | AE35: =COUNTIFS(Clips!$F:$F,$B35,Clips!$O:$O,"<>",Clips!$B:$B,"<>site",Clips!$C:$C,"<>excluded") -> 5 | AF35: =COUNTIFS(Clips!$F:$F,$B35,Clips!$I:$I,"<5",Clips!$C:$C,"<>excluded") -> 1 | AG35: Site: Bird 7 overlaps a motmot call
A36: 148 | B36: Pale-billed Woodpecker | C36: Campephilus guatemalensis | D36: pabwoo1 | E36: bird | F36: core | G36: =IF(AND($E36="bird",$K36>0),"yes","") | I36: =IF($E36="bird",IF(COUNTIF('eBird List'!$A:$A,$B36)>0,"yes","no"),"") -> yes | J36: =IF(COUNTIF('eBird List'!$A:$A,$B36)=0,"",INDEX('eBird List'!$C:$C,MATCH($B36,'eBird List'!$A:$A,0))) -> 0.22245056 | K36: =COUNTIFS(Clips!$B:$B,"site",Clips!$F:$F,$B36)+COUNTIFS(Clips!$B:$B,"site",Clips!$O:$O,"*"&$B36&"*") -> 0 | L36: =COUNTIFS(Clips!$F:$F,$B36,Clips!$B:$B,"macaulay") -> 24 | M36: =COUNTIFS(Clips!$F:$F,$B36,Clips!$B:$B,"xeno-canto") -> 0 | N36: =K36+L36+M36 -> 24 | O36: =COUNTIFS(Clips!$F:$F,$B36,Clips!$C:$C,"excluded") -> 0 | P36: =COUNTIFS(Clips!$F:$F,$B36,Clips!$C:$C,"train") -> 16 | Q36: =COUNTIFS(Clips!$F:$F,$B36,Clips!$C:$C,"val") -> 4 | R36: =COUNTIFS(Clips!$F:$F,$B36,Clips!$C:$C,"test") -> 4 | S36: =SUMIFS(Clips!$I:$I,Clips!$F:$F,$B36,Clips!$C:$C,"train")/60 -> 6.2385667 | T36: =SUMIFS(Clips!$I:$I,Clips!$F:$F,$B36,Clips!$C:$C,"val")/60 -> 16.565567 | U36: =SUMIFS(Clips!$I:$I,Clips!$F:$F,$B36,Clips!$C:$C,"test")/60 -> 1.5821667 | V36: =SUMIFS(Clips!$J:$J,Clips!$F:$F,$B36,Clips!$C:$C,"train") -> 84 | W36: =IF(V36=0,"",Splits!$B$49/(Splits!$B$50*V36)) -> 1.8550651 | X36: =IF(P36>0,IF(AND(Q36>0,R36>0),"train + val + test",IF(R36>0,"train + test","train only")),IF(R36>0,"test only (unknown class)",IF(K36>0,"site extract only","no usable audio"))) -> train + val + test | Y36: =IF($P36=0,"",IF($E36="nonbird",$B36,IF($G36="yes",$B36,"other bird"))) -> other bird | Z36: =IF(AND($F36="core",$P36>0),$B36,"") -> Pale-billed Woodpecker | AA36: =IF($P36>0,$B36,"") -> Pale-billed Woodpecker | AB36: 23 | AC36: 20 | AD36: =IF(COUNTIFS(Clips!$F:$F,$B36,Clips!$M:$M,">0",Clips!$C:$C,"<>excluded")=0,"",AVERAGEIFS(Clips!$M:$M,Clips!$F:$F,$B36,Clips!$M:$M,">0",Clips!$C:$C,"<>excluded")) -> 3.0586957 | AE36: =COUNTIFS(Clips!$F:$F,$B36,Clips!$O:$O,"<>",Clips!$B:$B,"<>site",Clips!$C:$C,"<>excluded") -> 2 | AF36: =COUNTIFS(Clips!$F:$F,$B36,Clips!$I:$I,"<5",Clips!$C:$C,"<>excluded") -> 3
A37: 177 | B37: Scarlet-rumped Tanager | C37: Ramphocelus passerinii | D37: pastan1 | E37: bird | F37: core | G37: =IF(AND($E37="bird",$K37>0),"yes","") | I37: =IF($E37="bird",IF(COUNTIF('eBird List'!$A:$A,$B37)>0,"yes","no"),"") -> yes | J37: =IF(COUNTIF('eBird List'!$A:$A,$B37)=0,"",INDEX('eBird List'!$C:$C,MATCH($B37,'eBird List'!$A:$A,0))) -> 0.54452585 | K37: =COUNTIFS(Clips!$B:$B,"site",Clips!$F:$F,$B37)+COUNTIFS(Clips!$B:$B,"site",Clips!$O:$O,"*"&$B37&"*") -> 0 | L37: =COUNTIFS(Clips!$F:$F,$B37,Clips!$B:$B,"macaulay") -> 23 | M37: =COUNTIFS(Clips!$F:$F,$B37,Clips!$B:$B,"xeno-canto") -> 1 | N37: =K37+L37+M37 -> 24 | O37: =COUNTIFS(Clips!$F:$F,$B37,Clips!$C:$C,"excluded") -> 0 | P37: =COUNTIFS(Clips!$F:$F,$B37,Clips!$C:$C,"train") -> 18 | Q37: =COUNTIFS(Clips!$F:$F,$B37,Clips!$C:$C,"val") -> 3 | R37: =COUNTIFS(Clips!$F:$F,$B37,Clips!$C:$C,"test") -> 3 | S37: =SUMIFS(Clips!$I:$I,Clips!$F:$F,$B37,Clips!$C:$C,"train")/60 -> 11.6549 | T37: =SUMIFS(Clips!$I:$I,Clips!$F:$F,$B37,Clips!$C:$C,"val")/60 -> 2.412 | U37: =SUMIFS(Clips!$I:$I,Clips!$F:$F,$B37,Clips!$C:$C,"test")/60 -> 0.81545 | V37: =SUMIFS(Clips!$J:$J,Clips!$F:$F,$B37,Clips!$C:$C,"train") -> 147 | W37: =IF(V37=0,"",Splits!$B$49/(Splits!$B$50*V37)) -> 1.0600372 | X37: =IF(P37>0,IF(AND(Q37>0,R37>0),"train + val + test",IF(R37>0,"train + test","train only")),IF(R37>0,"test only (unknown class)",IF(K37>0,"site extract only","no usable audio"))) -> train + val + test | Y37: =IF($P37=0,"",IF($E37="nonbird",$B37,IF($G37="yes",$B37,"other bird"))) -> other bird | Z37: =IF(AND($F37="core",$P37>0),$B37,"") -> Scarlet-rumped Tanager | AA37: =IF($P37>0,$B37,"") -> Scarlet-rumped Tanager | AB37: 21 | AC37: 17 | AD37: =IF(COUNTIFS(Clips!$F:$F,$B37,Clips!$M:$M,">0",Clips!$C:$C,"<>excluded")=0,"",AVERAGEIFS(Clips!$M:$M,Clips!$F:$F,$B37,Clips!$M:$M,">0",Clips!$C:$C,"<>excluded")) -> 3.0882609 | AE37: =COUNTIFS(Clips!$F:$F,$B37,Clips!$O:$O,"<>",Clips!$B:$B,"<>site",Clips!$C:$C,"<>excluded") -> 5 | AF37: =COUNTIFS(Clips!$F:$F,$B37,Clips!$I:$I,"<5",Clips!$C:$C,"<>excluded") -> 0
A38: 216 | B38: Wedge-billed Woodcreeper | C38: Glyphorynchus spirurus | D38: webwoo2 | E38: bird | F38: core | G38: =IF(AND($E38="bird",$K38>0),"yes","") | I38: =IF($E38="bird",IF(COUNTIF('eBird List'!$A:$A,$B38)>0,"yes","no"),"") -> yes | J38: =IF(COUNTIF('eBird List'!$A:$A,$B38)=0,"",INDEX('eBird List'!$C:$C,MATCH($B38,'eBird List'!$A:$A,0))) -> 0.19886228 | K38: =COUNTIFS(Clips!$B:$B,"site",Clips!$F:$F,$B38)+COUNTIFS(Clips!$B:$B,"site",Clips!$O:$O,"*"&$B38&"*") -> 0 | L38: =COUNTIFS(Clips!$F:$F,$B38,Clips!$B:$B,"macaulay") -> 24 | M38: =COUNTIFS(Clips!$F:$F,$B38,Clips!$B:$B,"xeno-canto") -> 0 | N38: =K38+L38+M38 -> 24 | O38: =COUNTIFS(Clips!$F:$F,$B38,Clips!$C:$C,"excluded") -> 0 | P38: =COUNTIFS(Clips!$F:$F,$B38,Clips!$C:$C,"train") -> 16 | Q38: =COUNTIFS(Clips!$F:$F,$B38,Clips!$C:$C,"val") -> 4 | R38: =COUNTIFS(Clips!$F:$F,$B38,Clips!$C:$C,"test") -> 4 | S38: =SUMIFS(Clips!$I:$I,Clips!$F:$F,$B38,Clips!$C:$C,"train")/60 -> 23.101017 | T38: =SUMIFS(Clips!$I:$I,Clips!$F:$F,$B38,Clips!$C:$C,"val")/60 -> 1.5710833 | U38: =SUMIFS(Clips!$I:$I,Clips!$F:$F,$B38,Clips!$C:$C,"test")/60 -> 2.1658667 | V38: =SUMIFS(Clips!$J:$J,Clips!$F:$F,$B38,Clips!$C:$C,"train") -> 285 | W38: =IF(V38=0,"",Splits!$B$49/(Splits!$B$50*V38)) -> 0.54675604 | X38: =IF(P38>0,IF(AND(Q38>0,R38>0),"train + val + test",IF(R38>0,"train + test","train only")),IF(R38>0,"test only (unknown class)",IF(K38>0,"site extract only","no usable audio"))) -> train + val + test | Y38: =IF($P38=0,"",IF($E38="nonbird",$B38,IF($G38="yes",$B38,"other bird"))) -> other bird | Z38: =IF(AND($F38="core",$P38>0),$B38,"") -> Wedge-billed Woodcreeper | AA38: =IF($P38>0,$B38,"") -> Wedge-billed Woodcreeper | AB38: 21 | AC38: 15 | AD38: =IF(COUNTIFS(Clips!$F:$F,$B38,Clips!$M:$M,">0",Clips!$C:$C,"<>excluded")=0,"",AVERAGEIFS(Clips!$M:$M,Clips!$F:$F,$B38,Clips!$M:$M,">0",Clips!$C:$C,"<>excluded")) -> 2.4222222 | AE38: =COUNTIFS(Clips!$F:$F,$B38,Clips!$O:$O,"<>",Clips!$B:$B,"<>site",Clips!$C:$C,"<>excluded") -> 2 | AF38: =COUNTIFS(Clips!$F:$F,$B38,Clips!$I:$I,"<5",Clips!$C:$C,"<>excluded") -> 1
A39: 81 | B39: Fasciated Antshrike | C39: Cymbilaimus lineatus | D39: fasant1 | E39: bird | F39: core | G39: =IF(AND($E39="bird",$K39>0),"yes","") | I39: =IF($E39="bird",IF(COUNTIF('eBird List'!$A:$A,$B39)>0,"yes","no"),"") -> yes | J39: =IF(COUNTIF('eBird List'!$A:$A,$B39)=0,"",INDEX('eBird List'!$C:$C,MATCH($B39,'eBird List'!$A:$A,0))) -> 0.17053848 | K39: =COUNTIFS(Clips!$B:$B,"site",Clips!$F:$F,$B39)+COUNTIFS(Clips!$B:$B,"site",Clips!$O:$O,"*"&$B39&"*") -> 0 | L39: =COUNTIFS(Clips!$F:$F,$B39,Clips!$B:$B,"macaulay") -> 28 | M39: =COUNTIFS(Clips!$F:$F,$B39,Clips!$B:$B,"xeno-canto") -> 0 | N39: =K39+L39+M39 -> 28 | O39: =COUNTIFS(Clips!$F:$F,$B39,Clips!$C:$C,"excluded") -> 5 | P39: =COUNTIFS(Clips!$F:$F,$B39,Clips!$C:$C,"train") -> 17 | Q39: =COUNTIFS(Clips!$F:$F,$B39,Clips!$C:$C,"val") -> 3 | R39: =COUNTIFS(Clips!$F:$F,$B39,Clips!$C:$C,"test") -> 3 | S39: =SUMIFS(Clips!$I:$I,Clips!$F:$F,$B39,Clips!$C:$C,"train")/60 -> 13.2097 | T39: =SUMIFS(Clips!$I:$I,Clips!$F:$F,$B39,Clips!$C:$C,"val")/60 -> 0.43516667 | U39: =SUMIFS(Clips!$I:$I,Clips!$F:$F,$B39,Clips!$C:$C,"test")/60 -> 3.6974 | V39: =SUMIFS(Clips!$J:$J,Clips!$F:$F,$B39,Clips!$C:$C,"train") -> 168 | W39: =IF(V39=0,"",Splits!$B$49/(Splits!$B$50*V39)) -> 0.92753257 | X39: =IF(P39>0,IF(AND(Q39>0,R39>0),"train + val + test",IF(R39>0,"train + test","train only")),IF(R39>0,"test only (unknown class)",IF(K39>0,"site extract only","no usable audio"))) -> train + val + test | Y39: =IF($P39=0,"",IF($E39="nonbird",$B39,IF($G39="yes",$B39,"other bird"))) -> other bird | Z39: =IF(AND($F39="core",$P39>0),$B39,"") -> Fasciated Antshrike | AA39: =IF($P39>0,$B39,"") -> Fasciated Antshrike | AB39: 19 | AC39: 15 | AD39: =IF(COUNTIFS(Clips!$F:$F,$B39,Clips!$M:$M,">0",Clips!$C:$C,"<>excluded")=0,"",AVERAGEIFS(Clips!$M:$M,Clips!$F:$F,$B39,Clips!$M:$M,">0",Clips!$C:$C,"<>excluded")) -> 2.46 | AE39: =COUNTIFS(Clips!$F:$F,$B39,Clips!$O:$O,"<>",Clips!$B:$B,"<>site",Clips!$C:$C,"<>excluded") -> 3 | AF39: =COUNTIFS(Clips!$F:$F,$B39,Clips!$I:$I,"<5",Clips!$C:$C,"<>excluded") -> 2
A40: 178 | B40: Semiplumbeous Hawk | C40: Leucopternis semiplumbeus | D40: semhaw | E40: bird | F40: core | G40: =IF(AND($E40="bird",$K40>0),"yes","") | I40: =IF($E40="bird",IF(COUNTIF('eBird List'!$A:$A,$B40)>0,"yes","no"),"") -> yes | J40: =IF(COUNTIF('eBird List'!$A:$A,$B40)=0,"",INDEX('eBird List'!$C:$C,MATCH($B40,'eBird List'!$A:$A,0))) -> 0.13152252 | K40: =COUNTIFS(Clips!$B:$B,"site",Clips!$F:$F,$B40)+COUNTIFS(Clips!$B:$B,"site",Clips!$O:$O,"*"&$B40&"*") -> 0 | L40: =COUNTIFS(Clips!$F:$F,$B40,Clips!$B:$B,"macaulay") -> 23 | M40: =COUNTIFS(Clips!$F:$F,$B40,Clips!$B:$B,"xeno-canto") -> 0 | N40: =K40+L40+M40 -> 23 | O40: =COUNTIFS(Clips!$F:$F,$B40,Clips!$C:$C,"excluded") -> 0 | P40: =COUNTIFS(Clips!$F:$F,$B40,Clips!$C:$C,"train") -> 17 | Q40: =COUNTIFS(Clips!$F:$F,$B40,Clips!$C:$C,"val") -> 3 | R40: =COUNTIFS(Clips!$F:$F,$B40,Clips!$C:$C,"test") -> 3 | S40: =SUMIFS(Clips!$I:$I,Clips!$F:$F,$B40,Clips!$C:$C,"train")/60 -> 10.794467 | T40: =SUMIFS(Clips!$I:$I,Clips!$F:$F,$B40,Clips!$C:$C,"val")/60 -> 1.8699333 | U40: =SUMIFS(Clips!$I:$I,Clips!$F:$F,$B40,Clips!$C:$C,"test")/60 -> 0.83176667 | V40: =SUMIFS(Clips!$J:$J,Clips!$F:$F,$B40,Clips!$C:$C,"train") -> 138 | W40: =IF(V40=0,"",Splits!$B$49/(Splits!$B$50*V40)) -> 1.1291701 | X40: =IF(P40>0,IF(AND(Q40>0,R40>0),"train + val + test",IF(R40>0,"train + test","train only")),IF(R40>0,"test only (unknown class)",IF(K40>0,"site extract only","no usable audio"))) -> train + val + test | Y40: =IF($P40=0,"",IF($E40="nonbird",$B40,IF($G40="yes",$B40,"other bird"))) -> other bird | Z40: =IF(AND($F40="core",$P40>0),$B40,"") -> Semiplumbeous Hawk | AA40: =IF($P40>0,$B40,"") -> Semiplumbeous Hawk | AB40: 19 | AC40: 15 | AD40: =IF(COUNTIFS(Clips!$F:$F,$B40,Clips!$M:$M,">0",Clips!$C:$C,"<>excluded")=0,"",AVERAGEIFS(Clips!$M:$M,Clips!$F:$F,$B40,Clips!$M:$M,">0",Clips!$C:$C,"<>excluded")) -> 3.0335 | AE40: =COUNTIFS(Clips!$F:$F,$B40,Clips!$O:$O,"<>",Clips!$B:$B,"<>site",Clips!$C:$C,"<>excluded") -> 2 | AF40: =COUNTIFS(Clips!$F:$F,$B40,Clips!$I:$I,"<5",Clips!$C:$C,"<>excluded") -> 0
A41: 22 | B41: Black-faced Antthrush | C41: Formicarius analis | D41: blfant1 | E41: bird | F41: core | G41: =IF(AND($E41="bird",$K41>0),"yes","") | I41: =IF($E41="bird",IF(COUNTIF('eBird List'!$A:$A,$B41)>0,"yes","no"),"") -> yes | J41: =IF(COUNTIF('eBird List'!$A:$A,$B41)=0,"",INDEX('eBird List'!$C:$C,MATCH($B41,'eBird List'!$A:$A,0))) -> 0.017214677 | K41: =COUNTIFS(Clips!$B:$B,"site",Clips!$F:$F,$B41)+COUNTIFS(Clips!$B:$B,"site",Clips!$O:$O,"*"&$B41&"*") -> 0 | L41: =COUNTIFS(Clips!$F:$F,$B41,Clips!$B:$B,"macaulay") -> 22 | M41: =COUNTIFS(Clips!$F:$F,$B41,Clips!$B:$B,"xeno-canto") -> 0 | N41: =K41+L41+M41 -> 22 | O41: =COUNTIFS(Clips!$F:$F,$B41,Clips!$C:$C,"excluded") -> 0 | P41: =COUNTIFS(Clips!$F:$F,$B41,Clips!$C:$C,"train") -> 16 | Q41: =COUNTIFS(Clips!$F:$F,$B41,Clips!$C:$C,"val") -> 3 | R41: =COUNTIFS(Clips!$F:$F,$B41,Clips!$C:$C,"test") -> 3 | S41: =SUMIFS(Clips!$I:$I,Clips!$F:$F,$B41,Clips!$C:$C,"train")/60 -> 28.664217 | T41: =SUMIFS(Clips!$I:$I,Clips!$F:$F,$B41,Clips!$C:$C,"val")/60 -> 4.1189 | U41: =SUMIFS(Clips!$I:$I,Clips!$F:$F,$B41,Clips!$C:$C,"test")/60 -> 3.6635333 | V41: =SUMIFS(Clips!$J:$J,Clips!$F:$F,$B41,Clips!$C:$C,"train") -> 352 | W41: =IF(V41=0,"",Splits!$B$49/(Splits!$B$50*V41)) -> 0.442686 | X41: =IF(P41>0,IF(AND(Q41>0,R41>0),"train + val + test",IF(R41>0,"train + test","train only")),IF(R41>0,"test only (unknown class)",IF(K41>0,"site extract only","no usable audio"))) -> train + val + test | Y41: =IF($P41=0,"",IF($E41="nonbird",$B41,IF($G41="yes",$B41,"other bird"))) -> other bird | Z41: =IF(AND($F41="core",$P41>0),$B41,"") -> Black-faced Antthrush | AA41: =IF($P41>0,$B41,"") -> Black-faced Antthrush | AB41: 21 | AC41: 12 | AD41: =IF(COUNTIFS(Clips!$F:$F,$B41,Clips!$M:$M,">0",Clips!$C:$C,"<>excluded")=0,"",AVERAGEIFS(Clips!$M:$M,Clips!$F:$F,$B41,Clips!$M:$M,">0",Clips!$C:$C,"<>excluded")) -> 2.8947368 | AE41: =COUNTIFS(Clips!$F:$F,$B41,Clips!$O:$O,"<>",Clips!$B:$B,"<>site",Clips!$C:$C,"<>excluded") -> 3 | AF41: =COUNTIFS(Clips!$F:$F,$B41,Clips!$I:$I,"<5",Clips!$C:$C,"<>excluded") -> 0
A42: 37 | B42: Boat-billed Flycatcher | C42: Megarynchus pitangua | D42: bobfly1 | E42: bird | F42: core | G42: =IF(AND($E42="bird",$K42>0),"yes","") | I42: =IF($E42="bird",IF(COUNTIF('eBird List'!$A:$A,$B42)>0,"yes","no"),"") -> yes | J42: =IF(COUNTIF('eBird List'!$A:$A,$B42)=0,"",INDEX('eBird List'!$C:$C,MATCH($B42,'eBird List'!$A:$A,0))) -> 0.26000715 | K42: =COUNTIFS(Clips!$B:$B,"site",Clips!$F:$F,$B42)+COUNTIFS(Clips!$B:$B,"site",Clips!$O:$O,"*"&$B42&"*") -> 0 | L42: =COUNTIFS(Clips!$F:$F,$B42,Clips!$B:$B,"macaulay") -> 21 | M42: =COUNTIFS(Clips!$F:$F,$B42,Clips!$B:$B,"xeno-canto") -> 1 | N42: =K42+L42+M42 -> 22 | O42: =COUNTIFS(Clips!$F:$F,$B42,Clips!$C:$C,"excluded") -> 0 | P42: =COUNTIFS(Clips!$F:$F,$B42,Clips!$C:$C,"train") -> 16 | Q42: =COUNTIFS(Clips!$F:$F,$B42,Clips!$C:$C,"val") -> 3 | R42: =COUNTIFS(Clips!$F:$F,$B42,Clips!$C:$C,"test") -> 3 | S42: =SUMIFS(Clips!$I:$I,Clips!$F:$F,$B42,Clips!$C:$C,"train")/60 -> 8.7614167 | T42: =SUMIFS(Clips!$I:$I,Clips!$F:$F,$B42,Clips!$C:$C,"val")/60 -> 2.06125 | U42: =SUMIFS(Clips!$I:$I,Clips!$F:$F,$B42,Clips!$C:$C,"test")/60 -> 1.13085 | V42: =SUMIFS(Clips!$J:$J,Clips!$F:$F,$B42,Clips!$C:$C,"train") -> 112 | W42: =IF(V42=0,"",Splits!$B$49/(Splits!$B$50*V42)) -> 1.3912989 | X42: =IF(P42>0,IF(AND(Q42>0,R42>0),"train + val + test",IF(R42>0,"train + test","train only")),IF(R42>0,"test only (unknown class)",IF(K42>0,"site extract only","no usable audio"))) -> train + val + test | Y42: =IF($P42=0,"",IF($E42="nonbird",$B42,IF($G42="yes",$B42,"other bird"))) -> other bird | Z42: =IF(AND($F42="core",$P42>0),$B42,"") -> Boat-billed Flycatcher | AA42: =IF($P42>0,$B42,"") -> Boat-billed Flycatcher | AB42: 17 | AC42: 12 | AD42: =IF(COUNTIFS(Clips!$F:$F,$B42,Clips!$M:$M,">0",Clips!$C:$C,"<>excluded")=0,"",AVERAGEIFS(Clips!$M:$M,Clips!$F:$F,$B42,Clips!$M:$M,">0",Clips!$C:$C,"<>excluded")) -> 2.8335294 | AE42: =COUNTIFS(Clips!$F:$F,$B42,Clips!$O:$O,"<>",Clips!$B:$B,"<>site",Clips!$C:$C,"<>excluded") -> 0 | AF42: =COUNTIFS(Clips!$F:$F,$B42,Clips!$I:$I,"<5",Clips!$C:$C,"<>excluded") -> 2
A43: 51 | B43: Chestnut-colored Woodpecker | C43: Celeus castaneus | D43: chcwoo1 | E43: bird | F43: core | G43: =IF(AND($E43="bird",$K43>0),"yes","") | I43: =IF($E43="bird",IF(COUNTIF('eBird List'!$A:$A,$B43)>0,"yes","no"),"") -> yes | J43: =IF(COUNTIF('eBird List'!$A:$A,$B43)=0,"",INDEX('eBird List'!$C:$C,MATCH($B43,'eBird List'!$A:$A,0))) -> 0.21286038 | K43: =COUNTIFS(Clips!$B:$B,"site",Clips!$F:$F,$B43)+COUNTIFS(Clips!$B:$B,"site",Clips!$O:$O,"*"&$B43&"*") -> 0 | L43: =COUNTIFS(Clips!$F:$F,$B43,Clips!$B:$B,"macaulay") -> 21 | M43: =COUNTIFS(Clips!$F:$F,$B43,Clips!$B:$B,"xeno-canto") -> 0 | N43: =K43+L43+M43 -> 21 | O43: =COUNTIFS(Clips!$F:$F,$B43,Clips!$C:$C,"excluded") -> 0 | P43: =COUNTIFS(Clips!$F:$F,$B43,Clips!$C:$C,"train") -> 15 | Q43: =COUNTIFS(Clips!$F:$F,$B43,Clips!$C:$C,"val") -> 3 | R43: =COUNTIFS(Clips!$F:$F,$B43,Clips!$C:$C,"test") -> 3 | S43: =SUMIFS(Clips!$I:$I,Clips!$F:$F,$B43,Clips!$C:$C,"train")/60 -> 19.113583 | T43: =SUMIFS(Clips!$I:$I,Clips!$F:$F,$B43,Clips!$C:$C,"val")/60 -> 1.5587833 | U43: =SUMIFS(Clips!$I:$I,Clips!$F:$F,$B43,Clips!$C:$C,"test")/60 -> 0.53275 | V43: =SUMIFS(Clips!$J:$J,Clips!$F:$F,$B43,Clips!$C:$C,"train") -> 235 | W43: =IF(V43=0,"",Splits!$B$49/(Splits!$B$50*V43)) -> 0.66308711 | X43: =IF(P43>0,IF(AND(Q43>0,R43>0),"train + val + test",IF(R43>0,"train + test","train only")),IF(R43>0,"test only (unknown class)",IF(K43>0,"site extract only","no usable audio"))) -> train + val + test | Y43: =IF($P43=0,"",IF($E43="nonbird",$B43,IF($G43="yes",$B43,"other bird"))) -> other bird | Z43: =IF(AND($F43="core",$P43>0),$B43,"") -> Chestnut-colored Woodpecker | AA43: =IF($P43>0,$B43,"") -> Chestnut-colored Woodpecker | AB43: 17 | AC43: 15 | AD43: =IF(COUNTIFS(Clips!$F:$F,$B43,Clips!$M:$M,">0",Clips!$C:$C,"<>excluded")=0,"",AVERAGEIFS(Clips!$M:$M,Clips!$F:$F,$B43,Clips!$M:$M,">0",Clips!$C:$C,"<>excluded")) -> 2.7961111 | AE43: =COUNTIFS(Clips!$F:$F,$B43,Clips!$O:$O,"<>",Clips!$B:$B,"<>site",Clips!$C:$C,"<>excluded") -> 4 | AF43: =COUNTIFS(Clips!$F:$F,$B43,Clips!$I:$I,"<5",Clips!$C:$C,"<>excluded") -> 4
A44: 78 | B44: Dusky-faced Tanager | C44: Mitrospingus cassinii | D44: duftan1 | E44: bird | F44: core | G44: =IF(AND($E44="bird",$K44>0),"yes","") | I44: =IF($E44="bird",IF(COUNTIF('eBird List'!$A:$A,$B44)>0,"yes","no"),"") -> yes | J44: =IF(COUNTIF('eBird List'!$A:$A,$B44)=0,"",INDEX('eBird List'!$C:$C,MATCH($B44,'eBird List'!$A:$A,0))) -> 0.093876579 | K44: =COUNTIFS(Clips!$B:$B,"site",Clips!$F:$F,$B44)+COUNTIFS(Clips!$B:$B,"site",Clips!$O:$O,"*"&$B44&"*") -> 0 | L44: =COUNTIFS(Clips!$F:$F,$B44,Clips!$B:$B,"macaulay") -> 21 | M44: =COUNTIFS(Clips!$F:$F,$B44,Clips!$B:$B,"xeno-canto") -> 0 | N44: =K44+L44+M44 -> 21 | O44: =COUNTIFS(Clips!$F:$F,$B44,Clips!$C:$C,"excluded") -> 0 | P44: =COUNTIFS(Clips!$F:$F,$B44,Clips!$C:$C,"train") -> 15 | Q44: =COUNTIFS(Clips!$F:$F,$B44,Clips!$C:$C,"val") -> 3 | R44: =COUNTIFS(Clips!$F:$F,$B44,Clips!$C:$C,"test") -> 3 | S44: =SUMIFS(Clips!$I:$I,Clips!$F:$F,$B44,Clips!$C:$C,"train")/60 -> 12.68415 | T44: =SUMIFS(Clips!$I:$I,Clips!$F:$F,$B44,Clips!$C:$C,"val")/60 -> 4.1300167 | U44: =SUMIFS(Clips!$I:$I,Clips!$F:$F,$B44,Clips!$C:$C,"test")/60 -> 4.6770833 | V44: =SUMIFS(Clips!$J:$J,Clips!$F:$F,$B44,Clips!$C:$C,"train") -> 160 | W44: =IF(V44=0,"",Splits!$B$49/(Splits!$B$50*V44)) -> 0.9739092 | X44: =IF(P44>0,IF(AND(Q44>0,R44>0),"train + val + test",IF(R44>0,"train + test","train only")),IF(R44>0,"test only (unknown class)",IF(K44>0,"site extract only","no usable audio"))) -> train + val + test | Y44: =IF($P44=0,"",IF($E44="nonbird",$B44,IF($G44="yes",$B44,"other bird"))) -> other bird | Z44: =IF(AND($F44="core",$P44>0),$B44,"") -> Dusky-faced Tanager | AA44: =IF($P44>0,$B44,"") -> Dusky-faced Tanager | AB44: 21 | AC44: 12 | AD44: =IF(COUNTIFS(Clips!$F:$F,$B44,Clips!$M:$M,">0",Clips!$C:$C,"<>excluded")=0,"",AVERAGEIFS(Clips!$M:$M,Clips!$F:$F,$B44,Clips!$M:$M,">0",Clips!$C:$C,"<>excluded")) -> 3.2835 | AE44: =COUNTIFS(Clips!$F:$F,$B44,Clips!$O:$O,"<>",Clips!$B:$B,"<>site",Clips!$C:$C,"<>excluded") -> 2 | AF44: =COUNTIFS(Clips!$F:$F,$B44,Clips!$I:$I,"<5",Clips!$C:$C,"<>excluded") -> 0
A45: 48 | B45: Central American Pygmy-Owl | C45: Glaucidium griseiceps | D45: capowl1 | E45: bird | F45: core | G45: =IF(AND($E45="bird",$K45>0),"yes","") | I45: =IF($E45="bird",IF(COUNTIF('eBird List'!$A:$A,$B45)>0,"yes","no"),"") -> yes | J45: =IF(COUNTIF('eBird List'!$A:$A,$B45)=0,"",INDEX('eBird List'!$C:$C,MATCH($B45,'eBird List'!$A:$A,0))) -> 0.015963784 | K45: =COUNTIFS(Clips!$B:$B,"site",Clips!$F:$F,$B45)+COUNTIFS(Clips!$B:$B,"site",Clips!$O:$O,"*"&$B45&"*") -> 0 | L45: =COUNTIFS(Clips!$F:$F,$B45,Clips!$B:$B,"macaulay") -> 20 | M45: =COUNTIFS(Clips!$F:$F,$B45,Clips!$B:$B,"xeno-canto") -> 0 | N45: =K45+L45+M45 -> 20 | O45: =COUNTIFS(Clips!$F:$F,$B45,Clips!$C:$C,"excluded") -> 0 | P45: =COUNTIFS(Clips!$F:$F,$B45,Clips!$C:$C,"train") -> 14 | Q45: =COUNTIFS(Clips!$F:$F,$B45,Clips!$C:$C,"val") -> 3 | R45: =COUNTIFS(Clips!$F:$F,$B45,Clips!$C:$C,"test") -> 3 | S45: =SUMIFS(Clips!$I:$I,Clips!$F:$F,$B45,Clips!$C:$C,"train")/60 -> 51.144167 | T45: =SUMIFS(Clips!$I:$I,Clips!$F:$F,$B45,Clips!$C:$C,"val")/60 -> 3.2487667 | U45: =SUMIFS(Clips!$I:$I,Clips!$F:$F,$B45,Clips!$C:$C,"test")/60 -> 1.41105 | V45: =SUMIFS(Clips!$J:$J,Clips!$F:$F,$B45,Clips!$C:$C,"train") -> 329 | W45: =IF(V45=0,"",Splits!$B$49/(Splits!$B$50*V45)) -> 0.47363365 | X45: =IF(P45>0,IF(AND(Q45>0,R45>0),"train + val + test",IF(R45>0,"train + test","train only")),IF(R45>0,"test only (unknown class)",IF(K45>0,"site extract only","no usable audio"))) -> train + val + test | Y45: =IF($P45=0,"",IF($E45="nonbird",$B45,IF($G45="yes",$B45,"other bird"))) -> other bird | Z45: =IF(AND($F45="core",$P45>0),$B45,"") -> Central American Pygmy-Owl | AA45: =IF($P45>0,$B45,"") -> Central American Pygmy-Owl | AB45: 17 | AC45: 15 | AD45: =IF(COUNTIFS(Clips!$F:$F,$B45,Clips!$M:$M,">0",Clips!$C:$C,"<>excluded")=0,"",AVERAGEIFS(Clips!$M:$M,Clips!$F:$F,$B45,Clips!$M:$M,">0",Clips!$C:$C,"<>excluded")) -> 2.628 | AE45: =COUNTIFS(Clips!$F:$F,$B45,Clips!$O:$O,"<>",Clips!$B:$B,"<>site",Clips!$C:$C,"<>excluded") -> 2 | AF45: =COUNTIFS(Clips!$F:$F,$B45,Clips!$I:$I,"<5",Clips!$C:$C,"<>excluded") -> 1
A46: 85 | B46: Golden-hooded Tanager | C46: Stilpnia larvata | D46: gohtan1 | E46: bird | F46: core | G46: =IF(AND($E46="bird",$K46>0),"yes","") | I46: =IF($E46="bird",IF(COUNTIF('eBird List'!$A:$A,$B46)>0,"yes","no"),"") -> yes | J46: =IF(COUNTIF('eBird List'!$A:$A,$B46)=0,"",INDEX('eBird List'!$C:$C,MATCH($B46,'eBird List'!$A:$A,0))) -> 0.41178223 | K46: =COUNTIFS(Clips!$B:$B,"site",Clips!$F:$F,$B46)+COUNTIFS(Clips!$B:$B,"site",Clips!$O:$O,"*"&$B46&"*") -> 0 | L46: =COUNTIFS(Clips!$F:$F,$B46,Clips!$B:$B,"macaulay") -> 20 | M46: =COUNTIFS(Clips!$F:$F,$B46,Clips!$B:$B,"xeno-canto") -> 0 | N46: =K46+L46+M46 -> 20 | O46: =COUNTIFS(Clips!$F:$F,$B46,Clips!$C:$C,"excluded") -> 0 | P46: =COUNTIFS(Clips!$F:$F,$B46,Clips!$C:$C,"train") -> 14 | Q46: =COUNTIFS(Clips!$F:$F,$B46,Clips!$C:$C,"val") -> 3 | R46: =COUNTIFS(Clips!$F:$F,$B46,Clips!$C:$C,"test") -> 3 | S46: =SUMIFS(Clips!$I:$I,Clips!$F:$F,$B46,Clips!$C:$C,"train")/60 -> 5.5187833 | T46: =SUMIFS(Clips!$I:$I,Clips!$F:$F,$B46,Clips!$C:$C,"val")/60 -> 2.06915 | U46: =SUMIFS(Clips!$I:$I,Clips!$F:$F,$B46,Clips!$C:$C,"test")/60 -> 0.98145 | V46: =SUMIFS(Clips!$J:$J,Clips!$F:$F,$B46,Clips!$C:$C,"train") -> 73 | W46: =IF(V46=0,"",Splits!$B$49/(Splits!$B$50*V46)) -> 2.1345955 | X46: =IF(P46>0,IF(AND(Q46>0,R46>0),"train + val + test",IF(R46>0,"train + test","train only")),IF(R46>0,"test only (unknown class)",IF(K46>0,"site extract only","no usable audio"))) -> train + val + test | Y46: =IF($P46=0,"",IF($E46="nonbird",$B46,IF($G46="yes",$B46,"other bird"))) -> other bird | Z46: =IF(AND($F46="core",$P46>0),$B46,"") -> Golden-hooded Tanager | AA46: =IF($P46>0,$B46,"") -> Golden-hooded Tanager | AB46: 18 | AC46: 15 | AD46: =IF(COUNTIFS(Clips!$F:$F,$B46,Clips!$M:$M,">0",Clips!$C:$C,"<>excluded")=0,"",AVERAGEIFS(Clips!$M:$M,Clips!$F:$F,$B46,Clips!$M:$M,">0",Clips!$C:$C,"<>excluded")) -> 3.1231579 | AE46: =COUNTIFS(Clips!$F:$F,$B46,Clips!$O:$O,"<>",Clips!$B:$B,"<>site",Clips!$C:$C,"<>excluded") -> 2 | AF46: =COUNTIFS(Clips!$F:$F,$B46,Clips!$I:$I,"<5",Clips!$C:$C,"<>excluded") -> 0
A47: 102 | B47: Great Kiskadee | C47: Pitangus sulphuratus | D47: grekis | E47: bird | F47: core | G47: =IF(AND($E47="bird",$K47>0),"yes","") | I47: =IF($E47="bird",IF(COUNTIF('eBird List'!$A:$A,$B47)>0,"yes","no"),"") -> yes | J47: =IF(COUNTIF('eBird List'!$A:$A,$B47)=0,"",INDEX('eBird List'!$C:$C,MATCH($B47,'eBird List'!$A:$A,0))) -> 0.48564451 | K47: =COUNTIFS(Clips!$B:$B,"site",Clips!$F:$F,$B47)+COUNTIFS(Clips!$B:$B,"site",Clips!$O:$O,"*"&$B47&"*") -> 0 | L47: =COUNTIFS(Clips!$F:$F,$B47,Clips!$B:$B,"macaulay") -> 20 | M47: =COUNTIFS(Clips!$F:$F,$B47,Clips!$B:$B,"xeno-canto") -> 0 | N47: =K47+L47+M47 -> 20 | O47: =COUNTIFS(Clips!$F:$F,$B47,Clips!$C:$C,"excluded") -> 0 | P47: =COUNTIFS(Clips!$F:$F,$B47,Clips!$C:$C,"train") -> 14 | Q47: =COUNTIFS(Clips!$F:$F,$B47,Clips!$C:$C,"val") -> 3 | R47: =COUNTIFS(Clips!$F:$F,$B47,Clips!$C:$C,"test") -> 3 | S47: =SUMIFS(Clips!$I:$I,Clips!$F:$F,$B47,Clips!$C:$C,"train")/60 -> 6.4922167 | T47: =SUMIFS(Clips!$I:$I,Clips!$F:$F,$B47,Clips!$C:$C,"val")/60 -> 1.9855333 | U47: =SUMIFS(Clips!$I:$I,Clips!$F:$F,$B47,Clips!$C:$C,"test")/60 -> 0.54495 | V47: =SUMIFS(Clips!$J:$J,Clips!$F:$F,$B47,Clips!$C:$C,"train") -> 85 | W47: =IF(V47=0,"",Splits!$B$49/(Splits!$B$50*V47)) -> 1.8332408 | X47: =IF(P47>0,IF(AND(Q47>0,R47>0),"train + val + test",IF(R47>0,"train + test","train only")),IF(R47>0,"test only (unknown class)",IF(K47>0,"site extract only","no usable audio"))) -> train + val + test | Y47: =IF($P47=0,"",IF($E47="nonbird",$B47,IF($G47="yes",$B47,"other bird"))) -> other bird | Z47: =IF(AND($F47="core",$P47>0),$B47,"") -> Great Kiskadee | AA47: =IF($P47>0,$B47,"") -> Great Kiskadee | AB47: 18 | AC47: 15 | AD47: =IF(COUNTIFS(Clips!$F:$F,$B47,Clips!$M:$M,">0",Clips!$C:$C,"<>excluded")=0,"",AVERAGEIFS(Clips!$M:$M,Clips!$F:$F,$B47,Clips!$M:$M,">0",Clips!$C:$C,"<>excluded")) -> 3.3242105 | AE47: =COUNTIFS(Clips!$F:$F,$B47,Clips!$O:$O,"<>",Clips!$B:$B,"<>site",Clips!$C:$C,"<>excluded") -> 0 | AF47: =COUNTIFS(Clips!$F:$F,$B47,Clips!$I:$I,"<5",Clips!$C:$C,"<>excluded") -> 1
A48: 133 | B48: Northern Barred-Woodcreeper | C48: Dendrocolaptes sanctithomae | D48: nobwoo1 | E48: bird | F48: core | G48: =IF(AND($E48="bird",$K48>0),"yes","") -> yes | H48: yes | I48: =IF($E48="bird",IF(COUNTIF('eBird List'!$A:$A,$B48)>0,"yes","no"),"") -> yes | J48: =IF(COUNTIF('eBird List'!$A:$A,$B48)=0,"",INDEX('eBird List'!$C:$C,MATCH($B48,'eBird List'!$A:$A,0))) -> 0.1565106 | K48: =COUNTIFS(Clips!$B:$B,"site",Clips!$F:$F,$B48)+COUNTIFS(Clips!$B:$B,"site",Clips!$O:$O,"*"&$B48&"*") -> 2 | L48: =COUNTIFS(Clips!$F:$F,$B48,Clips!$B:$B,"macaulay") -> 20 | M48: =COUNTIFS(Clips!$F:$F,$B48,Clips!$B:$B,"xeno-canto") -> 0 | N48: =K48+L48+M48 -> 22 | O48: =COUNTIFS(Clips!$F:$F,$B48,Clips!$C:$C,"excluded") -> 0 | P48: =COUNTIFS(Clips!$F:$F,$B48,Clips!$C:$C,"train") -> 14 | Q48: =COUNTIFS(Clips!$F:$F,$B48,Clips!$C:$C,"val") -> 3 | R48: =COUNTIFS(Clips!$F:$F,$B48,Clips!$C:$C,"test") -> 3 | S48: =SUMIFS(Clips!$I:$I,Clips!$F:$F,$B48,Clips!$C:$C,"train")/60 -> 10.4608 | T48: =SUMIFS(Clips!$I:$I,Clips!$F:$F,$B48,Clips!$C:$C,"val")/60 -> 0.91128333 | U48: =SUMIFS(Clips!$I:$I,Clips!$F:$F,$B48,Clips!$C:$C,"test")/60 -> 1.47945 | V48: =SUMIFS(Clips!$J:$J,Clips!$F:$F,$B48,Clips!$C:$C,"train") -> 133 | W48: =IF(V48=0,"",Splits!$B$49/(Splits!$B$50*V48)) -> 1.1716201 | X48: =IF(P48>0,IF(AND(Q48>0,R48>0),"train + val + test",IF(R48>0,"train + test","train only")),IF(R48>0,"test only (unknown class)",IF(K48>0,"site extract only","no usable audio"))) -> train + val + test | Y48: =IF($P48=0,"",IF($E48="nonbird",$B48,IF($G48="yes",$B48,"other bird"))) -> Northern Barred-Woodcreeper | Z48: =IF(AND($F48="core",$P48>0),$B48,"") -> Northern Barred-Woodcreeper | AA48: =IF($P48>0,$B48,"") -> Northern Barred-Woodcreeper | AB48: 17 | AC48: 13 | AD48: =IF(COUNTIFS(Clips!$F:$F,$B48,Clips!$M:$M,">0",Clips!$C:$C,"<>excluded")=0,"",AVERAGEIFS(Clips!$M:$M,Clips!$F:$F,$B48,Clips!$M:$M,">0",Clips!$C:$C,"<>excluded")) -> 2.8905263 | AE48: =COUNTIFS(Clips!$F:$F,$B48,Clips!$O:$O,"<>",Clips!$B:$B,"<>site",Clips!$C:$C,"<>excluded") -> 3 | AF48: =COUNTIFS(Clips!$F:$F,$B48,Clips!$I:$I,"<5",Clips!$C:$C,"<>excluded") -> 2
A49: 157 | B49: Red-capped Manakin | C49: Ceratopipra mentalis | D49: recman1 | E49: bird | F49: core | G49: =IF(AND($E49="bird",$K49>0),"yes","") | I49: =IF($E49="bird",IF(COUNTIF('eBird List'!$A:$A,$B49)>0,"yes","no"),"") -> yes | J49: =IF(COUNTIF('eBird List'!$A:$A,$B49)=0,"",INDEX('eBird List'!$C:$C,MATCH($B49,'eBird List'!$A:$A,0))) -> 0.079729569 | K49: =COUNTIFS(Clips!$B:$B,"site",Clips!$F:$F,$B49)+COUNTIFS(Clips!$B:$B,"site",Clips!$O:$O,"*"&$B49&"*") -> 0 | L49: =COUNTIFS(Clips!$F:$F,$B49,Clips!$B:$B,"macaulay") -> 21 | M49: =COUNTIFS(Clips!$F:$F,$B49,Clips!$B:$B,"xeno-canto") -> 0 | N49: =K49+L49+M49 -> 21 | O49: =COUNTIFS(Clips!$F:$F,$B49,Clips!$C:$C,"excluded") -> 1 | P49: =COUNTIFS(Clips!$F:$F,$B49,Clips!$C:$C,"train") -> 14 | Q49: =COUNTIFS(Clips!$F:$F,$B49,Clips!$C:$C,"val") -> 3 | R49: =COUNTIFS(Clips!$F:$F,$B49,Clips!$C:$C,"test") -> 3 | S49: =SUMIFS(Clips!$I:$I,Clips!$F:$F,$B49,Clips!$C:$C,"train")/60 -> 53.241283 | T49: =SUMIFS(Clips!$I:$I,Clips!$F:$F,$B49,Clips!$C:$C,"val")/60 -> 3.2334833 | U49: =SUMIFS(Clips!$I:$I,Clips!$F:$F,$B49,Clips!$C:$C,"test")/60 -> 3.1908667 | V49: =SUMIFS(Clips!$J:$J,Clips!$F:$F,$B49,Clips!$C:$C,"train") -> 432 | W49: =IF(V49=0,"",Splits!$B$49/(Splits!$B$50*V49)) -> 0.36070711 | X49: =IF(P49>0,IF(AND(Q49>0,R49>0),"train + val + test",IF(R49>0,"train + test","train only")),IF(R49>0,"test only (unknown class)",IF(K49>0,"site extract only","no usable audio"))) -> train + val + test | Y49: =IF($P49=0,"",IF($E49="nonbird",$B49,IF($G49="yes",$B49,"other bird"))) -> other bird | Z49: =IF(AND($F49="core",$P49>0),$B49,"") -> Red-capped Manakin | AA49: =IF($P49>0,$B49,"") -> Red-capped Manakin | AB49: 19 | AC49: 13 | AD49: =IF(COUNTIFS(Clips!$F:$F,$B49,Clips!$M:$M,">0",Clips!$C:$C,"<>excluded")=0,"",AVERAGEIFS(Clips!$M:$M,Clips!$F:$F,$B49,Clips!$M:$M,">0",Clips!$C:$C,"<>excluded")) -> 2.6247368 | AE49: =COUNTIFS(Clips!$F:$F,$B49,Clips!$O:$O,"<>",Clips!$B:$B,"<>site",Clips!$C:$C,"<>excluded") -> 3 | AF49: =COUNTIFS(Clips!$F:$F,$B49,Clips!$I:$I,"<5",Clips!$C:$C,"<>excluded") -> 1
A50: 66 | B50: Common Tody-Flycatcher | C50: Todirostrum cinereum | D50: cotfly1 | E50: bird | F50: core | G50: =IF(AND($E50="bird",$K50>0),"yes","") | I50: =IF($E50="bird",IF(COUNTIF('eBird List'!$A:$A,$B50)>0,"yes","no"),"") -> yes | J50: =IF(COUNTIF('eBird List'!$A:$A,$B50)=0,"",INDEX('eBird List'!$C:$C,MATCH($B50,'eBird List'!$A:$A,0))) -> 0.2623898 | K50: =COUNTIFS(Clips!$B:$B,"site",Clips!$F:$F,$B50)+COUNTIFS(Clips!$B:$B,"site",Clips!$O:$O,"*"&$B50&"*") -> 0 | L50: =COUNTIFS(Clips!$F:$F,$B50,Clips!$B:$B,"macaulay") -> 18 | M50: =COUNTIFS(Clips!$F:$F,$B50,Clips!$B:$B,"xeno-canto") -> 1 | N50: =K50+L50+M50 -> 19 | O50: =COUNTIFS(Clips!$F:$F,$B50,Clips!$C:$C,"excluded") -> 0 | P50: =COUNTIFS(Clips!$F:$F,$B50,Clips!$C:$C,"train") -> 13 | Q50: =COUNTIFS(Clips!$F:$F,$B50,Clips!$C:$C,"val") -> 3 | R50: =COUNTIFS(Clips!$F:$F,$B50,Clips!$C:$C,"test") -> 3 | S50: =SUMIFS(Clips!$I:$I,Clips!$F:$F,$B50,Clips!$C:$C,"train")/60 -> 6.3246333 | T50: =SUMIFS(Clips!$I:$I,Clips!$F:$F,$B50,Clips!$C:$C,"val")/60 -> 1.0891 | U50: =SUMIFS(Clips!$I:$I,Clips!$F:$F,$B50,Clips!$C:$C,"test")/60 -> 12.055883 | V50: =SUMIFS(Clips!$J:$J,Clips!$F:$F,$B50,Clips!$C:$C,"train") -> 82 | W50: =IF(V50=0,"",Splits!$B$49/(Splits!$B$50*V50)) -> 1.9003106 | X50: =IF(P50>0,IF(AND(Q50>0,R50>0),"train + val + test",IF(R50>0,"train + test","train only")),IF(R50>0,"test only (unknown class)",IF(K50>0,"site extract only","no usable audio"))) -> train + val + test | Y50: =IF($P50=0,"",IF($E50="nonbird",$B50,IF($G50="yes",$B50,"other bird"))) -> other bird | Z50: =IF(AND($F50="core",$P50>0),$B50,"") -> Common Tody-Flycatcher | AA50: =IF($P50>0,$B50,"") -> Common Tody-Flycatcher | AB50: 16 | AC50: 7 | AD50: =IF(COUNTIFS(Clips!$F:$F,$B50,Clips!$M:$M,">0",Clips!$C:$C,"<>excluded")=0,"",AVERAGEIFS(Clips!$M:$M,Clips!$F:$F,$B50,Clips!$M:$M,">0",Clips!$C:$C,"<>excluded")) -> 3.3277778 | AE50: =COUNTIFS(Clips!$F:$F,$B50,Clips!$O:$O,"<>",Clips!$B:$B,"<>site",Clips!$C:$C,"<>excluded") -> 3 | AF50: =COUNTIFS(Clips!$F:$F,$B50,Clips!$I:$I,"<5",Clips!$C:$C,"<>excluded") -> 2
A51: 71 | B51: Crested Owl | C51: Lophostrix cristata | D51: creowl1 | E51: bird | F51: core | G51: =IF(AND($E51="bird",$K51>0),"yes","") | I51: =IF($E51="bird",IF(COUNTIF('eBird List'!$A:$A,$B51)>0,"yes","no"),"") -> yes | J51: =IF(COUNTIF('eBird List'!$A:$A,$B51)=0,"",INDEX('eBird List'!$C:$C,MATCH($B51,'eBird List'!$A:$A,0))) -> 0.041666667 | K51: =COUNTIFS(Clips!$B:$B,"site",Clips!$F:$F,$B51)+COUNTIFS(Clips!$B:$B,"site",Clips!$O:$O,"*"&$B51&"*") -> 0 | L51: =COUNTIFS(Clips!$F:$F,$B51,Clips!$B:$B,"macaulay") -> 19 | M51: =COUNTIFS(Clips!$F:$F,$B51,Clips!$B:$B,"xeno-canto") -> 0 | N51: =K51+L51+M51 -> 19 | O51: =COUNTIFS(Clips!$F:$F,$B51,Clips!$C:$C,"excluded") -> 0 | P51: =COUNTIFS(Clips!$F:$F,$B51,Clips!$C:$C,"train") -> 13 | Q51: =COUNTIFS(Clips!$F:$F,$B51,Clips!$C:$C,"val") -> 3 | R51: =COUNTIFS(Clips!$F:$F,$B51,Clips!$C:$C,"test") -> 3 | S51: =SUMIFS(Clips!$I:$I,Clips!$F:$F,$B51,Clips!$C:$C,"train")/60 -> 34.496633 | T51: =SUMIFS(Clips!$I:$I,Clips!$F:$F,$B51,Clips!$C:$C,"val")/60 -> 2.1627167 | U51: =SUMIFS(Clips!$I:$I,Clips!$F:$F,$B51,Clips!$C:$C,"test")/60 -> 1.8631167 | V51: =SUMIFS(Clips!$J:$J,Clips!$F:$F,$B51,Clips!$C:$C,"train") -> 359 | W51: =IF(V51=0,"",Splits!$B$49/(Splits!$B$50*V51)) -> 0.43405424 | X51: =IF(P51>0,IF(AND(Q51>0,R51>0),"train + val + test",IF(R51>0,"train + test","train only")),IF(R51>0,"test only (unknown class)",IF(K51>0,"site extract only","no usable audio"))) -> train + val + test | Y51: =IF($P51=0,"",IF($E51="nonbird",$B51,IF($G51="yes",$B51,"other bird"))) -> other bird | Z51: =IF(AND($F51="core",$P51>0),$B51,"") -> Crested Owl | AA51: =IF($P51>0,$B51,"") -> Crested Owl | AB51: 16 | AC51: 11 | AD51: =IF(COUNTIFS(Clips!$F:$F,$B51,Clips!$M:$M,">0",Clips!$C:$C,"<>excluded")=0,"",AVERAGEIFS(Clips!$M:$M,Clips!$F:$F,$B51,Clips!$M:$M,">0",Clips!$C:$C,"<>excluded")) -> 2.1333333 | AE51: =COUNTIFS(Clips!$F:$F,$B51,Clips!$O:$O,"<>",Clips!$B:$B,"<>site",Clips!$C:$C,"<>excluded") -> 2 | AF51: =COUNTIFS(Clips!$F:$F,$B51,Clips!$I:$I,"<5",Clips!$C:$C,"<>excluded") -> 0
A52: 45 | B52: Buff-throated Saltator | C52: Saltator maximus | D52: butsal1 | E52: bird | F52: core | G52: =IF(AND($E52="bird",$K52>0),"yes","") | I52: =IF($E52="bird",IF(COUNTIF('eBird List'!$A:$A,$B52)>0,"yes","no"),"") -> yes | J52: =IF(COUNTIF('eBird List'!$A:$A,$B52)=0,"",INDEX('eBird List'!$C:$C,MATCH($B52,'eBird List'!$A:$A,0))) -> 0.32478556 | K52: =COUNTIFS(Clips!$B:$B,"site",Clips!$F:$F,$B52)+COUNTIFS(Clips!$B:$B,"site",Clips!$O:$O,"*"&$B52&"*") -> 0 | L52: =COUNTIFS(Clips!$F:$F,$B52,Clips!$B:$B,"macaulay") -> 17 | M52: =COUNTIFS(Clips!$F:$F,$B52,Clips!$B:$B,"xeno-canto") -> 1 | N52: =K52+L52+M52 -> 18 | O52: =COUNTIFS(Clips!$F:$F,$B52,Clips!$C:$C,"excluded") -> 0 | P52: =COUNTIFS(Clips!$F:$F,$B52,Clips!$C:$C,"train") -> 12 | Q52: =COUNTIFS(Clips!$F:$F,$B52,Clips!$C:$C,"val") -> 3 | R52: =COUNTIFS(Clips!$F:$F,$B52,Clips!$C:$C,"test") -> 3 | S52: =SUMIFS(Clips!$I:$I,Clips!$F:$F,$B52,Clips!$C:$C,"train")/60 -> 11.0708 | T52: =SUMIFS(Clips!$I:$I,Clips!$F:$F,$B52,Clips!$C:$C,"val")/60 -> 2.65265 | U52: =SUMIFS(Clips!$I:$I,Clips!$F:$F,$B52,Clips!$C:$C,"test")/60 -> 2.0449 | V52: =SUMIFS(Clips!$J:$J,Clips!$F:$F,$B52,Clips!$C:$C,"train") -> 140 | W52: =IF(V52=0,"",Splits!$B$49/(Splits!$B$50*V52)) -> 1.1130391 | X52: =IF(P52>0,IF(AND(Q52>0,R52>0),"train + val + test",IF(R52>0,"train + test","train only")),IF(R52>0,"test only (unknown class)",IF(K52>0,"site extract only","no usable audio"))) -> train + val + test | Y52: =IF($P52=0,"",IF($E52="nonbird",$B52,IF($G52="yes",$B52,"other bird"))) -> other bird | Z52: =IF(AND($F52="core",$P52>0),$B52,"") -> Buff-throated Saltator | AA52: =IF($P52>0,$B52,"") -> Buff-throated Saltator | AB52: 15 | AC52: 13 | AD52: =IF(COUNTIFS(Clips!$F:$F,$B52,Clips!$M:$M,">0",Clips!$C:$C,"<>excluded")=0,"",AVERAGEIFS(Clips!$M:$M,Clips!$F:$F,$B52,Clips!$M:$M,">0",Clips!$C:$C,"<>excluded")) -> 3.0975 | AE52: =COUNTIFS(Clips!$F:$F,$B52,Clips!$O:$O,"<>",Clips!$B:$B,"<>site",Clips!$C:$C,"<>excluded") -> 0 | AF52: =COUNTIFS(Clips!$F:$F,$B52,Clips!$I:$I,"<5",Clips!$C:$C,"<>excluded") -> 0
A53: 54 | B53: Cinnamon Becard | C53: Pachyramphus cinnamomeus | D53: cinbec1 | E53: bird | F53: core | G53: =IF(AND($E53="bird",$K53>0),"yes","") | I53: =IF($E53="bird",IF(COUNTIF('eBird List'!$A:$A,$B53)>0,"yes","no"),"") -> yes | J53: =IF(COUNTIF('eBird List'!$A:$A,$B53)=0,"",INDEX('eBird List'!$C:$C,MATCH($B53,'eBird List'!$A:$A,0))) -> 0.26375983 | K53: =COUNTIFS(Clips!$B:$B,"site",Clips!$F:$F,$B53)+COUNTIFS(Clips!$B:$B,"site",Clips!$O:$O,"*"&$B53&"*") -> 0 | L53: =COUNTIFS(Clips!$F:$F,$B53,Clips!$B:$B,"macaulay") -> 17 | M53: =COUNTIFS(Clips!$F:$F,$B53,Clips!$B:$B,"xeno-canto") -> 1 | N53: =K53+L53+M53 -> 18 | O53: =COUNTIFS(Clips!$F:$F,$B53,Clips!$C:$C,"excluded") -> 0 | P53: =COUNTIFS(Clips!$F:$F,$B53,Clips!$C:$C,"train") -> 12 | Q53: =COUNTIFS(Clips!$F:$F,$B53,Clips!$C:$C,"val") -> 3 | R53: =COUNTIFS(Clips!$F:$F,$B53,Clips!$C:$C,"test") -> 3 | S53: =SUMIFS(Clips!$I:$I,Clips!$F:$F,$B53,Clips!$C:$C,"train")/60 -> 13.245017 | T53: =SUMIFS(Clips!$I:$I,Clips!$F:$F,$B53,Clips!$C:$C,"val")/60 -> 2.2309333 | U53: =SUMIFS(Clips!$I:$I,Clips!$F:$F,$B53,Clips!$C:$C,"test")/60 -> 0.58746667 | V53: =SUMIFS(Clips!$J:$J,Clips!$F:$F,$B53,Clips!$C:$C,"train") -> 163 | W53: =IF(V53=0,"",Splits!$B$49/(Splits!$B$50*V53)) -> 0.95598449 | X53: =IF(P53>0,IF(AND(Q53>0,R53>0),"train + val + test",IF(R53>0,"train + test","train only")),IF(R53>0,"test only (unknown class)",IF(K53>0,"site extract only","no usable audio"))) -> train + val + test | Y53: =IF($P53=0,"",IF($E53="nonbird",$B53,IF($G53="yes",$B53,"other bird"))) -> other bird | Z53: =IF(AND($F53="core",$P53>0),$B53,"") -> Cinnamon Becard | AA53: =IF($P53>0,$B53,"") -> Cinnamon Becard | AB53: 16 | AC53: 14 | AD53: =IF(COUNTIFS(Clips!$F:$F,$B53,Clips!$M:$M,">0",Clips!$C:$C,"<>excluded")=0,"",AVERAGEIFS(Clips!$M:$M,Clips!$F:$F,$B53,Clips!$M:$M,">0",Clips!$C:$C,"<>excluded")) -> 2.9785714 | AE53: =COUNTIFS(Clips!$F:$F,$B53,Clips!$O:$O,"<>",Clips!$B:$B,"<>site",Clips!$C:$C,"<>excluded") -> 2 | AF53: =COUNTIFS(Clips!$F:$F,$B53,Clips!$I:$I,"<5",Clips!$C:$C,"<>excluded") -> 3
A54: 83 | B54: Gartered Violaceous Trogon | C54: Trogon caligatus | D54: gartro1 | E54: bird | F54: core | G54: =IF(AND($E54="bird",$K54>0),"yes","") | I54: =IF($E54="bird",IF(COUNTIF('eBird List'!$A:$A,$B54)>0,"yes","no"),"") -> yes | J54: =IF(COUNTIF('eBird List'!$A:$A,$B54)=0,"",INDEX('eBird List'!$C:$C,MATCH($B54,'eBird List'!$A:$A,0))) -> 0.24934477 | K54: =COUNTIFS(Clips!$B:$B,"site",Clips!$F:$F,$B54)+COUNTIFS(Clips!$B:$B,"site",Clips!$O:$O,"*"&$B54&"*") -> 0 | L54: =COUNTIFS(Clips!$F:$F,$B54,Clips!$B:$B,"macaulay") -> 19 | M54: =COUNTIFS(Clips!$F:$F,$B54,Clips!$B:$B,"xeno-canto") -> 0 | N54: =K54+L54+M54 -> 19 | O54: =COUNTIFS(Clips!$F:$F,$B54,Clips!$C:$C,"excluded") -> 1 | P54: =COUNTIFS(Clips!$F:$F,$B54,Clips!$C:$C,"train") -> 12 | Q54: =COUNTIFS(Clips!$F:$F,$B54,Clips!$C:$C,"val") -> 3 | R54: =COUNTIFS(Clips!$F:$F,$B54,Clips!$C:$C,"test") -> 3 | S54: =SUMIFS(Clips!$I:$I,Clips!$F:$F,$B54,Clips!$C:$C,"train")/60 -> 5.4598167 | T54: =SUMIFS(Clips!$I:$I,Clips!$F:$F,$B54,Clips!$C:$C,"val")/60 -> 3.32995 | U54: =SUMIFS(Clips!$I:$I,Clips!$F:$F,$B54,Clips!$C:$C,"test")/60 -> 5.2578667 | V54: =SUMIFS(Clips!$J:$J,Clips!$F:$F,$B54,Clips!$C:$C,"train") -> 70 | W54: =IF(V54=0,"",Splits!$B$49/(Splits!$B$50*V54)) -> 2.2260782 | X54: =IF(P54>0,IF(AND(Q54>0,R54>0),"train + val + test",IF(R54>0,"train + test","train only")),IF(R54>0,"test only (unknown class)",IF(K54>0,"site extract only","no usable audio"))) -> train + val + test | Y54: =IF($P54=0,"",IF($E54="nonbird",$B54,IF($G54="yes",$B54,"other bird"))) -> other bird | Z54: =IF(AND($F54="core",$P54>0),$B54,"") -> Gartered Violaceous Trogon | AA54: =IF($P54>0,$B54,"") -> Gartered Violaceous Trogon | AB54: 17 | AC54: 15 | AD54: =IF(COUNTIFS(Clips!$F:$F,$B54,Clips!$M:$M,">0",Clips!$C:$C,"<>excluded")=0,"",AVERAGEIFS(Clips!$M:$M,Clips!$F:$F,$B54,Clips!$M:$M,">0",Clips!$C:$C,"<>excluded")) -> 2.8846154 | AE54: =COUNTIFS(Clips!$F:$F,$B54,Clips!$O:$O,"<>",Clips!$B:$B,"<>site",Clips!$C:$C,"<>excluded") -> 5 | AF54: =COUNTIFS(Clips!$F:$F,$B54,Clips!$I:$I,"<5",Clips!$C:$C,"<>excluded") -> 0
A55: 225 | B55: White-ringed Flycatcher | C55: Conopias albovittatus | D55: whrfly | E55: bird | F55: core | G55: =IF(AND($E55="bird",$K55>0),"yes","") | I55: =IF($E55="bird",IF(COUNTIF('eBird List'!$A:$A,$B55)>0,"yes","no"),"") -> yes | J55: =IF(COUNTIF('eBird List'!$A:$A,$B55)=0,"",INDEX('eBird List'!$C:$C,MATCH($B55,'eBird List'!$A:$A,0))) -> 0.16216941 | K55: =COUNTIFS(Clips!$B:$B,"site",Clips!$F:$F,$B55)+COUNTIFS(Clips!$B:$B,"site",Clips!$O:$O,"*"&$B55&"*") -> 0 | L55: =COUNTIFS(Clips!$F:$F,$B55,Clips!$B:$B,"macaulay") -> 18 | M55: =COUNTIFS(Clips!$F:$F,$B55,Clips!$B:$B,"xeno-canto") -> 0 | N55: =K55+L55+M55 -> 18 | O55: =COUNTIFS(Clips!$F:$F,$B55,Clips!$C:$C,"excluded") -> 0 | P55: =COUNTIFS(Clips!$F:$F,$B55,Clips!$C:$C,"train") -> 12 | Q55: =COUNTIFS(Clips!$F:$F,$B55,Clips!$C:$C,"val") -> 3 | R55: =COUNTIFS(Clips!$F:$F,$B55,Clips!$C:$C,"test") -> 3 | S55: =SUMIFS(Clips!$I:$I,Clips!$F:$F,$B55,Clips!$C:$C,"train")/60 -> 13.6855 | T55: =SUMIFS(Clips!$I:$I,Clips!$F:$F,$B55,Clips!$C:$C,"val")/60 -> 0.9441 | U55: =SUMIFS(Clips!$I:$I,Clips!$F:$F,$B55,Clips!$C:$C,"test")/60 -> 2.5232667 | V55: =SUMIFS(Clips!$J:$J,Clips!$F:$F,$B55,Clips!$C:$C,"train") -> 171 | W55: =IF(V55=0,"",Splits!$B$49/(Splits!$B$50*V55)) -> 0.91126007 | X55: =IF(P55>0,IF(AND(Q55>0,R55>0),"train + val + test",IF(R55>0,"train + test","train only")),IF(R55>0,"test only (unknown class)",IF(K55>0,"site extract only","no usable audio"))) -> train + val + test | Y55: =IF($P55=0,"",IF($E55="nonbird",$B55,IF($G55="yes",$B55,"other bird"))) -> other bird | Z55: =IF(AND($F55="core",$P55>0),$B55,"") -> White-ringed Flycatcher | AA55: =IF($P55>0,$B55,"") -> White-ringed Flycatcher | AB55: 14 | AC55: 12 | AD55: =IF(COUNTIFS(Clips!$F:$F,$B55,Clips!$M:$M,">0",Clips!$C:$C,"<>excluded")=0,"",AVERAGEIFS(Clips!$M:$M,Clips!$F:$F,$B55,Clips!$M:$M,">0",Clips!$C:$C,"<>excluded")) -> 3.0294118 | AE55: =COUNTIFS(Clips!$F:$F,$B55,Clips!$O:$O,"<>",Clips!$B:$B,"<>site",Clips!$C:$C,"<>excluded") -> 2 | AF55: =COUNTIFS(Clips!$F:$F,$B55,Clips!$I:$I,"<5",Clips!$C:$C,"<>excluded") -> 0
A56: 86 | B56: Graceful Black-throated Trogon | C56: Trogon tenellus | D56: bkttro7 | E56: bird | F56: core | G56: =IF(AND($E56="bird",$K56>0),"yes","") | I56: =IF($E56="bird",IF(COUNTIF('eBird List'!$A:$A,$B56)>0,"yes","no"),"") -> yes | J56: =IF(COUNTIF('eBird List'!$A:$A,$B56)=0,"",INDEX('eBird List'!$C:$C,MATCH($B56,'eBird List'!$A:$A,0))) -> 0.22498213 | K56: =COUNTIFS(Clips!$B:$B,"site",Clips!$F:$F,$B56)+COUNTIFS(Clips!$B:$B,"site",Clips!$O:$O,"*"&$B56&"*") -> 0 | L56: =COUNTIFS(Clips!$F:$F,$B56,Clips!$B:$B,"macaulay") -> 17 | M56: =COUNTIFS(Clips!$F:$F,$B56,Clips!$B:$B,"xeno-canto") -> 0 | N56: =K56+L56+M56 -> 17 | O56: =COUNTIFS(Clips!$F:$F,$B56,Clips!$C:$C,"excluded") -> 0 | P56: =COUNTIFS(Clips!$F:$F,$B56,Clips!$C:$C,"train") -> 11 | Q56: =COUNTIFS(Clips!$F:$F,$B56,Clips!$C:$C,"val") -> 3 | R56: =COUNTIFS(Clips!$F:$F,$B56,Clips!$C:$C,"test") -> 3 | S56: =SUMIFS(Clips!$I:$I,Clips!$F:$F,$B56,Clips!$C:$C,"train")/60 -> 7.00175 | T56: =SUMIFS(Clips!$I:$I,Clips!$F:$F,$B56,Clips!$C:$C,"val")/60 -> 2.81755 | U56: =SUMIFS(Clips!$I:$I,Clips!$F:$F,$B56,Clips!$C:$C,"test")/60 -> 1.03295 | V56: =SUMIFS(Clips!$J:$J,Clips!$F:$F,$B56,Clips!$C:$C,"train") -> 88 | W56: =IF(V56=0,"",Splits!$B$49/(Splits!$B$50*V56)) -> 1.770744 | X56: =IF(P56>0,IF(AND(Q56>0,R56>0),"train + val + test",IF(R56>0,"train + test","train only")),IF(R56>0,"test only (unknown class)",IF(K56>0,"site extract only","no usable audio"))) -> train + val + test | Y56: =IF($P56=0,"",IF($E56="nonbird",$B56,IF($G56="yes",$B56,"other bird"))) -> other bird | Z56: =IF(AND($F56="core",$P56>0),$B56,"") -> Graceful Black-throated Trogon | AA56: =IF($P56>0,$B56,"") -> Graceful Black-throated Trogon | AB56: 17 | AC56: 13 | AD56: =IF(COUNTIFS(Clips!$F:$F,$B56,Clips!$M:$M,">0",Clips!$C:$C,"<>excluded")=0,"",AVERAGEIFS(Clips!$M:$M,Clips!$F:$F,$B56,Clips!$M:$M,">0",Clips!$C:$C,"<>excluded")) -> 2.7207692 | AE56: =COUNTIFS(Clips!$F:$F,$B56,Clips!$O:$O,"<>",Clips!$B:$B,"<>site",Clips!$C:$C,"<>excluded") -> 3 | AF56: =COUNTIFS(Clips!$F:$F,$B56,Clips!$I:$I,"<5",Clips!$C:$C,"<>excluded") -> 0
A57: 124 | B57: Mealy Amazon | C57: Amazona farinosa | D57: meapar | E57: bird | F57: core | G57: =IF(AND($E57="bird",$K57>0),"yes","") -> yes | H57: yes | I57: =IF($E57="bird",IF(COUNTIF('eBird List'!$A:$A,$B57)>0,"yes","no"),"") -> yes | J57: =IF(COUNTIF('eBird List'!$A:$A,$B57)=0,"",INDEX('eBird List'!$C:$C,MATCH($B57,'eBird List'!$A:$A,0))) -> 0.22265904 | K57: =COUNTIFS(Clips!$B:$B,"site",Clips!$F:$F,$B57)+COUNTIFS(Clips!$B:$B,"site",Clips!$O:$O,"*"&$B57&"*") -> 3 | L57: =COUNTIFS(Clips!$F:$F,$B57,Clips!$B:$B,"macaulay") -> 17 | M57: =COUNTIFS(Clips!$F:$F,$B57,Clips!$B:$B,"xeno-canto") -> 0 | N57: =K57+L57+M57 -> 20 | O57: =COUNTIFS(Clips!$F:$F,$B57,Clips!$C:$C,"excluded") -> 0 | P57: =COUNTIFS(Clips!$F:$F,$B57,Clips!$C:$C,"train") -> 11 | Q57: =COUNTIFS(Clips!$F:$F,$B57,Clips!$C:$C,"val") -> 3 | R57: =COUNTIFS(Clips!$F:$F,$B57,Clips!$C:$C,"test") -> 3 | S57: =SUMIFS(Clips!$I:$I,Clips!$F:$F,$B57,Clips!$C:$C,"train")/60 -> 13.115783 | T57: =SUMIFS(Clips!$I:$I,Clips!$F:$F,$B57,Clips!$C:$C,"val")/60 -> 2.4999833 | U57: =SUMIFS(Clips!$I:$I,Clips!$F:$F,$B57,Clips!$C:$C,"test")/60 -> 7.3272667 | V57: =SUMIFS(Clips!$J:$J,Clips!$F:$F,$B57,Clips!$C:$C,"train") -> 161 | W57: =IF(V57=0,"",Splits!$B$49/(Splits!$B$50*V57)) -> 0.96786007 | X57: =IF(P57>0,IF(AND(Q57>0,R57>0),"train + val + test",IF(R57>0,"train + test","train only")),IF(R57>0,"test only (unknown class)",IF(K57>0,"site extract only","no usable audio"))) -> train + val + test | Y57: =IF($P57=0,"",IF($E57="nonbird",$B57,IF($G57="yes",$B57,"other bird"))) -> Mealy Amazon | Z57: =IF(AND($F57="core",$P57>0),$B57,"") -> Mealy Amazon | AA57: =IF($P57>0,$B57,"") -> Mealy Amazon | AB57: 17 | AC57: 14 | AD57: =IF(COUNTIFS(Clips!$F:$F,$B57,Clips!$M:$M,">0",Clips!$C:$C,"<>excluded")=0,"",AVERAGEIFS(Clips!$M:$M,Clips!$F:$F,$B57,Clips!$M:$M,">0",Clips!$C:$C,"<>excluded")) -> 3.3616667 | AE57: =COUNTIFS(Clips!$F:$F,$B57,Clips!$O:$O,"<>",Clips!$B:$B,"<>site",Clips!$C:$C,"<>excluded") -> 2 | AF57: =COUNTIFS(Clips!$F:$F,$B57,Clips!$I:$I,"<5",Clips!$C:$C,"<>excluded") -> 0 | AG57: Site: Logged as Mealy parrot
A58: 189 | B58: Social Flycatcher | C58: Myiozetetes similis | D58: socfly3 | E58: bird | F58: core | G58: =IF(AND($E58="bird",$K58>0),"yes","") | I58: =IF($E58="bird",IF(COUNTIF('eBird List'!$A:$A,$B58)>0,"yes","no"),"") -> yes | J58: =IF(COUNTIF('eBird List'!$A:$A,$B58)=0,"",INDEX('eBird List'!$C:$C,MATCH($B58,'eBird List'!$A:$A,0))) -> 0.42786514 | K58: =COUNTIFS(Clips!$B:$B,"site",Clips!$F:$F,$B58)+COUNTIFS(Clips!$B:$B,"site",Clips!$O:$O,"*"&$B58&"*") -> 0 | L58: =COUNTIFS(Clips!$F:$F,$B58,Clips!$B:$B,"macaulay") -> 18 | M58: =COUNTIFS(Clips!$F:$F,$B58,Clips!$B:$B,"xeno-canto") -> 0 | N58: =K58+L58+M58 -> 18 | O58: =COUNTIFS(Clips!$F:$F,$B58,Clips!$C:$C,"excluded") -> 1 | P58: =COUNTIFS(Clips!$F:$F,$B58,Clips!$C:$C,"train") -> 11 | Q58: =COUNTIFS(Clips!$F:$F,$B58,Clips!$C:$C,"val") -> 3 | R58: =COUNTIFS(Clips!$F:$F,$B58,Clips!$C:$C,"test") -> 3 | S58: =SUMIFS(Clips!$I:$I,Clips!$F:$F,$B58,Clips!$C:$C,"train")/60 -> 4.8391167 | T58: =SUMIFS(Clips!$I:$I,Clips!$F:$F,$B58,Clips!$C:$C,"val")/60 -> 2.72195 | U58: =SUMIFS(Clips!$I:$I,Clips!$F:$F,$B58,Clips!$C:$C,"test")/60 -> 6.1804833 | V58: =SUMIFS(Clips!$J:$J,Clips!$F:$F,$B58,Clips!$C:$C,"train") -> 63 | W58: =IF(V58=0,"",Splits!$B$49/(Splits!$B$50*V58)) -> 2.4734202 | X58: =IF(P58>0,IF(AND(Q58>0,R58>0),"train + val + test",IF(R58>0,"train + test","train only")),IF(R58>0,"test only (unknown class)",IF(K58>0,"site extract only","no usable audio"))) -> train + val + test | Y58: =IF($P58=0,"",IF($E58="nonbird",$B58,IF($G58="yes",$B58,"other bird"))) -> other bird | Z58: =IF(AND($F58="core",$P58>0),$B58,"") -> Social Flycatcher | AA58: =IF($P58>0,$B58,"") -> Social Flycatcher | AB58: 17 | AC58: 11 | AD58: =IF(COUNTIFS(Clips!$F:$F,$B58,Clips!$M:$M,">0",Clips!$C:$C,"<>excluded")=0,"",AVERAGEIFS(Clips!$M:$M,Clips!$F:$F,$B58,Clips!$M:$M,">0",Clips!$C:$C,"<>excluded")) -> 3.5333333 | AE58: =COUNTIFS(Clips!$F:$F,$B58,Clips!$O:$O,"<>",Clips!$B:$B,"<>site",Clips!$C:$C,"<>excluded") -> 3 | AF58: =COUNTIFS(Clips!$F:$F,$B58,Clips!$I:$I,"<5",Clips!$C:$C,"<>excluded") -> 3
A59: 57 | B59: Clay-colored Thrush | C59: Turdus grayi | D59: clcrob | E59: bird | F59: core | G59: =IF(AND($E59="bird",$K59>0),"yes","") | I59: =IF($E59="bird",IF(COUNTIF('eBird List'!$A:$A,$B59)>0,"yes","no"),"") -> yes | J59: =IF(COUNTIF('eBird List'!$A:$A,$B59)=0,"",INDEX('eBird List'!$C:$C,MATCH($B59,'eBird List'!$A:$A,0))) -> 0.44639028 | K59: =COUNTIFS(Clips!$B:$B,"site",Clips!$F:$F,$B59)+COUNTIFS(Clips!$B:$B,"site",Clips!$O:$O,"*"&$B59&"*") -> 0 | L59: =COUNTIFS(Clips!$F:$F,$B59,Clips!$B:$B,"macaulay") -> 15 | M59: =COUNTIFS(Clips!$F:$F,$B59,Clips!$B:$B,"xeno-canto") -> 1 | N59: =K59+L59+M59 -> 16 | O59: =COUNTIFS(Clips!$F:$F,$B59,Clips!$C:$C,"excluded") -> 0 | P59: =COUNTIFS(Clips!$F:$F,$B59,Clips!$C:$C,"train") -> 12 | Q59: =COUNTIFS(Clips!$F:$F,$B59,Clips!$C:$C,"val") -> 2 | R59: =COUNTIFS(Clips!$F:$F,$B59,Clips!$C:$C,"test") -> 2 | S59: =SUMIFS(Clips!$I:$I,Clips!$F:$F,$B59,Clips!$C:$C,"train")/60 -> 8.1595667 | T59: =SUMIFS(Clips!$I:$I,Clips!$F:$F,$B59,Clips!$C:$C,"val")/60 -> 0.69491667 | U59: =SUMIFS(Clips!$I:$I,Clips!$F:$F,$B59,Clips!$C:$C,"test")/60 -> 1.4994167 | V59: =SUMIFS(Clips!$J:$J,Clips!$F:$F,$B59,Clips!$C:$C,"train") -> 104 | W59: =IF(V59=0,"",Splits!$B$49/(Splits!$B$50*V59)) -> 1.4983218 | X59: =IF(P59>0,IF(AND(Q59>0,R59>0),"train + val + test",IF(R59>0,"train + test","train only")),IF(R59>0,"test only (unknown class)",IF(K59>0,"site extract only","no usable audio"))) -> train + val + test | Y59: =IF($P59=0,"",IF($E59="nonbird",$B59,IF($G59="yes",$B59,"other bird"))) -> other bird | Z59: =IF(AND($F59="core",$P59>0),$B59,"") -> Clay-colored Thrush | AA59: =IF($P59>0,$B59,"") -> Clay-colored Thrush | AB59: 16 | AC59: 12 | AD59: =IF(COUNTIFS(Clips!$F:$F,$B59,Clips!$M:$M,">0",Clips!$C:$C,"<>excluded")=0,"",AVERAGEIFS(Clips!$M:$M,Clips!$F:$F,$B59,Clips!$M:$M,">0",Clips!$C:$C,"<>excluded")) -> 3.37 | AE59: =COUNTIFS(Clips!$F:$F,$B59,Clips!$O:$O,"<>",Clips!$B:$B,"<>site",Clips!$C:$C,"<>excluded") -> 1 | AF59: =COUNTIFS(Clips!$F:$F,$B59,Clips!$I:$I,"<5",Clips!$C:$C,"<>excluded") -> 0
A60: 116 | B60: Lesser Greenlet | C60: Pachysylvia decurtata | D60: lesgre1 | E60: bird | F60: core | G60: =IF(AND($E60="bird",$K60>0),"yes","") -> yes | H60: yes | I60: =IF($E60="bird",IF(COUNTIF('eBird List'!$A:$A,$B60)>0,"yes","no"),"") -> yes | J60: =IF(COUNTIF('eBird List'!$A:$A,$B60)=0,"",INDEX('eBird List'!$C:$C,MATCH($B60,'eBird List'!$A:$A,0))) -> 0.22834763 | K60: =COUNTIFS(Clips!$B:$B,"site",Clips!$F:$F,$B60)+COUNTIFS(Clips!$B:$B,"site",Clips!$O:$O,"*"&$B60&"*") -> 2 | L60: =COUNTIFS(Clips!$F:$F,$B60,Clips!$B:$B,"macaulay") -> 15 | M60: =COUNTIFS(Clips!$F:$F,$B60,Clips!$B:$B,"xeno-canto") -> 1 | N60: =K60+L60+M60 -> 18 | O60: =COUNTIFS(Clips!$F:$F,$B60,Clips!$C:$C,"excluded") -> 0 | P60: =COUNTIFS(Clips!$F:$F,$B60,Clips!$C:$C,"train") -> 12 | Q60: =COUNTIFS(Clips!$F:$F,$B60,Clips!$C:$C,"val") -> 2 | R60: =COUNTIFS(Clips!$F:$F,$B60,Clips!$C:$C,"test") -> 2 | S60: =SUMIFS(Clips!$I:$I,Clips!$F:$F,$B60,Clips!$C:$C,"train")/60 -> 3.9739167 | T60: =SUMIFS(Clips!$I:$I,Clips!$F:$F,$B60,Clips!$C:$C,"val")/60 -> 1.7774 | U60: =SUMIFS(Clips!$I:$I,Clips!$F:$F,$B60,Clips!$C:$C,"test")/60 -> 1.7647 | V60: =SUMIFS(Clips!$J:$J,Clips!$F:$F,$B60,Clips!$C:$C,"train") -> 53 | W60: =IF(V60=0,"",Splits!$B$49/(Splits!$B$50*V60)) -> 2.9401032 | X60: =IF(P60>0,IF(AND(Q60>0,R60>0),"train + val + test",IF(R60>0,"train + test","train only")),IF(R60>0,"test only (unknown class)",IF(K60>0,"site extract only","no usable audio"))) -> train + val + test | Y60: =IF($P60=0,"",IF($E60="nonbird",$B60,IF($G60="yes",$B60,"other bird"))) -> Lesser Greenlet | Z60: =IF(AND($F60="core",$P60>0),$B60,"") -> Lesser Greenlet | AA60: =IF($P60>0,$B60,"") -> Lesser Greenlet | AB60: 15 | AC60: 13 | AD60: =IF(COUNTIFS(Clips!$F:$F,$B60,Clips!$M:$M,">0",Clips!$C:$C,"<>excluded")=0,"",AVERAGEIFS(Clips!$M:$M,Clips!$F:$F,$B60,Clips!$M:$M,">0",Clips!$C:$C,"<>excluded")) -> 3.2083333 | AE60: =COUNTIFS(Clips!$F:$F,$B60,Clips!$O:$O,"<>",Clips!$B:$B,"<>site",Clips!$C:$C,"<>excluded") -> 2 | AF60: =COUNTIFS(Clips!$F:$F,$B60,Clips!$I:$I,"<5",Clips!$C:$C,"<>excluded") -> 4
A61: 118 | B61: Long-billed Gnatwren | C61: Ramphocaenus melanurus | D61: lobgna5 | E61: bird | F61: core | G61: =IF(AND($E61="bird",$K61>0),"yes","") | I61: =IF($E61="bird",IF(COUNTIF('eBird List'!$A:$A,$B61)>0,"yes","no"),"") -> yes | J61: =IF(COUNTIF('eBird List'!$A:$A,$B61)=0,"",INDEX('eBird List'!$C:$C,MATCH($B61,'eBird List'!$A:$A,0))) -> 0.081635692 | K61: =COUNTIFS(Clips!$B:$B,"site",Clips!$F:$F,$B61)+COUNTIFS(Clips!$B:$B,"site",Clips!$O:$O,"*"&$B61&"*") -> 0 | L61: =COUNTIFS(Clips!$F:$F,$B61,Clips!$B:$B,"macaulay") -> 16 | M61: =COUNTIFS(Clips!$F:$F,$B61,Clips!$B:$B,"xeno-canto") -> 0 | N61: =K61+L61+M61 -> 16 | O61: =COUNTIFS(Clips!$F:$F,$B61,Clips!$C:$C,"excluded") -> 0 | P61: =COUNTIFS(Clips!$F:$F,$B61,Clips!$C:$C,"train") -> 12 | Q61: =COUNTIFS(Clips!$F:$F,$B61,Clips!$C:$C,"val") -> 2 | R61: =COUNTIFS(Clips!$F:$F,$B61,Clips!$C:$C,"test") -> 2 | S61: =SUMIFS(Clips!$I:$I,Clips!$F:$F,$B61,Clips!$C:$C,"train")/60 -> 3.7906833 | T61: =SUMIFS(Clips!$I:$I,Clips!$F:$F,$B61,Clips!$C:$C,"val")/60 -> 0.35728333 | U61: =SUMIFS(Clips!$I:$I,Clips!$F:$F,$B61,Clips!$C:$C,"test")/60 -> 0.20783333 | V61: =SUMIFS(Clips!$J:$J,Clips!$F:$F,$B61,Clips!$C:$C,"train") -> 51 | W61: =IF(V61=0,"",Splits!$B$49/(Splits!$B$50*V61)) -> 3.0554014 | X61: =IF(P61>0,IF(AND(Q61>0,R61>0),"train + val + test",IF(R61>0,"train + test","train only")),IF(R61>0,"test only (unknown class)",IF(K61>0,"site extract only","no usable audio"))) -> train + val + test | Y61: =IF($P61=0,"",IF($E61="nonbird",$B61,IF($G61="yes",$B61,"other bird"))) -> other bird | Z61: =IF(AND($F61="core",$P61>0),$B61,"") -> Long-billed Gnatwren | AA61: =IF($P61>0,$B61,"") -> Long-billed Gnatwren | AB61: 15 | AC61: 13 | AD61: =IF(COUNTIFS(Clips!$F:$F,$B61,Clips!$M:$M,">0",Clips!$C:$C,"<>excluded")=0,"",AVERAGEIFS(Clips!$M:$M,Clips!$F:$F,$B61,Clips!$M:$M,">0",Clips!$C:$C,"<>excluded")) -> 3.5 | AE61: =COUNTIFS(Clips!$F:$F,$B61,Clips!$O:$O,"<>",Clips!$B:$B,"<>site",Clips!$C:$C,"<>excluded") -> 1 | AF61: =COUNTIFS(Clips!$F:$F,$B61,Clips!$I:$I,"<5",Clips!$C:$C,"<>excluded") -> 4
A62: 27 | B62: Black-striped Sparrow | C62: Arremonops conirostris | D62: blsspa1 | E62: bird | F62: core | G62: =IF(AND($E62="bird",$K62>0),"yes","") | I62: =IF($E62="bird",IF(COUNTIF('eBird List'!$A:$A,$B62)>0,"yes","no"),"") -> yes | J62: =IF(COUNTIF('eBird List'!$A:$A,$B62)=0,"",INDEX('eBird List'!$C:$C,MATCH($B62,'eBird List'!$A:$A,0))) -> 0.043066476 | K62: =COUNTIFS(Clips!$B:$B,"site",Clips!$F:$F,$B62)+COUNTIFS(Clips!$B:$B,"site",Clips!$O:$O,"*"&$B62&"*") -> 0 | L62: =COUNTIFS(Clips!$F:$F,$B62,Clips!$B:$B,"macaulay") -> 12 | M62: =COUNTIFS(Clips!$F:$F,$B62,Clips!$B:$B,"xeno-canto") -> 2 | N62: =K62+L62+M62 -> 14 | O62: =COUNTIFS(Clips!$F:$F,$B62,Clips!$C:$C,"excluded") -> 0 | P62: =COUNTIFS(Clips!$F:$F,$B62,Clips!$C:$C,"train") -> 10 | Q62: =COUNTIFS(Clips!$F:$F,$B62,Clips!$C:$C,"val") -> 2 | R62: =COUNTIFS(Clips!$F:$F,$B62,Clips!$C:$C,"test") -> 2 | S62: =SUMIFS(Clips!$I:$I,Clips!$F:$F,$B62,Clips!$C:$C,"train")/60 -> 14.04595 | T62: =SUMIFS(Clips!$I:$I,Clips!$F:$F,$B62,Clips!$C:$C,"val")/60 -> 3.27035 | U62: =SUMIFS(Clips!$I:$I,Clips!$F:$F,$B62,Clips!$C:$C,"test")/60 -> 5.52385 | V62: =SUMIFS(Clips!$J:$J,Clips!$F:$F,$B62,Clips!$C:$C,"train") -> 174 | W62: =IF(V62=0,"",Splits!$B$49/(Splits!$B$50*V62)) -> 0.89554869 | X62: =IF(P62>0,IF(AND(Q62>0,R62>0),"train + val + test",IF(R62>0,"train + test","train only")),IF(R62>0,"test only (unknown class)",IF(K62>0,"site extract only","no usable audio"))) -> train + val + test | Y62: =IF($P62=0,"",IF($E62="nonbird",$B62,IF($G62="yes",$B62,"other bird"))) -> other bird | Z62: =IF(AND($F62="core",$P62>0),$B62,"") -> Black-striped Sparrow | AA62: =IF($P62>0,$B62,"") -> Black-striped Sparrow | AB62: 11 | AC62: 5 | AD62: =IF(COUNTIFS(Clips!$F:$F,$B62,Clips!$M:$M,">0",Clips!$C:$C,"<>excluded")=0,"",AVERAGEIFS(Clips!$M:$M,Clips!$F:$F,$B62,Clips!$M:$M,">0",Clips!$C:$C,"<>excluded")) -> 3.2727273 | AE62: =COUNTIFS(Clips!$F:$F,$B62,Clips!$O:$O,"<>",Clips!$B:$B,"<>site",Clips!$C:$C,"<>excluded") -> 0 | AF62: =COUNTIFS(Clips!$F:$F,$B62,Clips!$I:$I,"<5",Clips!$C:$C,"<>excluded") -> 0
A63: 121 | B63: Long-tailed Tyrant | C63: Colonia colonus | D63: lottyr1 | E63: bird | F63: core | G63: =IF(AND($E63="bird",$K63>0),"yes","") | I63: =IF($E63="bird",IF(COUNTIF('eBird List'!$A:$A,$B63)>0,"yes","no"),"") -> yes | J63: =IF(COUNTIF('eBird List'!$A:$A,$B63)=0,"",INDEX('eBird List'!$C:$C,MATCH($B63,'eBird List'!$A:$A,0))) -> 0.16071003 | K63: =COUNTIFS(Clips!$B:$B,"site",Clips!$F:$F,$B63)+COUNTIFS(Clips!$B:$B,"site",Clips!$O:$O,"*"&$B63&"*") -> 0 | L63: =COUNTIFS(Clips!$F:$F,$B63,Clips!$B:$B,"macaulay") -> 14 | M63: =COUNTIFS(Clips!$F:$F,$B63,Clips!$B:$B,"xeno-canto") -> 0 | N63: =K63+L63+M63 -> 14 | O63: =COUNTIFS(Clips!$F:$F,$B63,Clips!$C:$C,"excluded") -> 0 | P63: =COUNTIFS(Clips!$F:$F,$B63,Clips!$C:$C,"train") -> 10 | Q63: =COUNTIFS(Clips!$F:$F,$B63,Clips!$C:$C,"val") -> 2 | R63: =COUNTIFS(Clips!$F:$F,$B63,Clips!$C:$C,"test") -> 2 | S63: =SUMIFS(Clips!$I:$I,Clips!$F:$F,$B63,Clips!$C:$C,"train")/60 -> 7.9801 | T63: =SUMIFS(Clips!$I:$I,Clips!$F:$F,$B63,Clips!$C:$C,"val")/60 -> 6.0592167 | U63: =SUMIFS(Clips!$I:$I,Clips!$F:$F,$B63,Clips!$C:$C,"test")/60 -> 4.79095 | V63: =SUMIFS(Clips!$J:$J,Clips!$F:$F,$B63,Clips!$C:$C,"train") -> 101 | W63: =IF(V63=0,"",Splits!$B$49/(Splits!$B$50*V63)) -> 1.5428265 | X63: =IF(P63>0,IF(AND(Q63>0,R63>0),"train + val + test",IF(R63>0,"train + test","train only")),IF(R63>0,"test only (unknown class)",IF(K63>0,"site extract only","no usable audio"))) -> train + val + test | Y63: =IF($P63=0,"",IF($E63="nonbird",$B63,IF($G63="yes",$B63,"other bird"))) -> other bird | Z63: =IF(AND($F63="core",$P63>0),$B63,"") -> Long-tailed Tyrant | AA63: =IF($P63>0,$B63,"") -> Long-tailed Tyrant | AB63: 13 | AC63: 10 | AD63: =IF(COUNTIFS(Clips!$F:$F,$B63,Clips!$M:$M,">0",Clips!$C:$C,"<>excluded")=0,"",AVERAGEIFS(Clips!$M:$M,Clips!$F:$F,$B63,Clips!$M:$M,">0",Clips!$C:$C,"<>excluded")) -> 3.2438462 | AE63: =COUNTIFS(Clips!$F:$F,$B63,Clips!$O:$O,"<>",Clips!$B:$B,"<>site",Clips!$C:$C,"<>excluded") -> 1 | AF63: =COUNTIFS(Clips!$F:$F,$B63,Clips!$I:$I,"<5",Clips!$C:$C,"<>excluded") -> 1
A64: 194 | B64: Spectacled Owl | C64: Pulsatrix perspicillata | D64: speowl1 | E64: bird | F64: core | G64: =IF(AND($E64="bird",$K64>0),"yes","") | I64: =IF($E64="bird",IF(COUNTIF('eBird List'!$A:$A,$B64)>0,"yes","no"),"") -> yes | J64: =IF(COUNTIF('eBird List'!$A:$A,$B64)=0,"",INDEX('eBird List'!$C:$C,MATCH($B64,'eBird List'!$A:$A,0))) -> 0.02379676 | K64: =COUNTIFS(Clips!$B:$B,"site",Clips!$F:$F,$B64)+COUNTIFS(Clips!$B:$B,"site",Clips!$O:$O,"*"&$B64&"*") -> 0 | L64: =COUNTIFS(Clips!$F:$F,$B64,Clips!$B:$B,"macaulay") -> 15 | M64: =COUNTIFS(Clips!$F:$F,$B64,Clips!$B:$B,"xeno-canto") -> 0 | N64: =K64+L64+M64 -> 15 | O64: =COUNTIFS(Clips!$F:$F,$B64,Clips!$C:$C,"excluded") -> 1 | P64: =COUNTIFS(Clips!$F:$F,$B64,Clips!$C:$C,"train") -> 10 | Q64: =COUNTIFS(Clips!$F:$F,$B64,Clips!$C:$C,"val") -> 2 | R64: =COUNTIFS(Clips!$F:$F,$B64,Clips!$C:$C,"test") -> 2 | S64: =SUMIFS(Clips!$I:$I,Clips!$F:$F,$B64,Clips!$C:$C,"train")/60 -> 14.272683 | T64: =SUMIFS(Clips!$I:$I,Clips!$F:$F,$B64,Clips!$C:$C,"val")/60 -> 0.0762 | U64: =SUMIFS(Clips!$I:$I,Clips!$F:$F,$B64,Clips!$C:$C,"test")/60 -> 1.68035 | V64: =SUMIFS(Clips!$J:$J,Clips!$F:$F,$B64,Clips!$C:$C,"train") -> 177 | W64: =IF(V64=0,"",Splits!$B$49/(Splits!$B$50*V64)) -> 0.8803699 | X64: =IF(P64>0,IF(AND(Q64>0,R64>0),"train + val + test",IF(R64>0,"train + test","train only")),IF(R64>0,"test only (unknown class)",IF(K64>0,"site extract only","no usable audio"))) -> train + val + test | Y64: =IF($P64=0,"",IF($E64="nonbird",$B64,IF($G64="yes",$B64,"other bird"))) -> other bird | Z64: =IF(AND($F64="core",$P64>0),$B64,"") -> Spectacled Owl | AA64: =IF($P64>0,$B64,"") -> Spectacled Owl | AB64: 10 | AC64: 9 | AD64: =IF(COUNTIFS(Clips!$F:$F,$B64,Clips!$M:$M,">0",Clips!$C:$C,"<>excluded")=0,"",AVERAGEIFS(Clips!$M:$M,Clips!$F:$F,$B64,Clips!$M:$M,">0",Clips!$C:$C,"<>excluded")) -> 2.9042857 | AE64: =COUNTIFS(Clips!$F:$F,$B64,Clips!$O:$O,"<>",Clips!$B:$B,"<>site",Clips!$C:$C,"<>excluded") -> 1 | AF64: =COUNTIFS(Clips!$F:$F,$B64,Clips!$I:$I,"<5",Clips!$C:$C,"<>excluded") -> 2
A65: 209 | B65: Three-wattled Bellbird | C65: Procnias tricarunculatus | D65: thwbel | E65: bird | F65: core | G65: =IF(AND($E65="bird",$K65>0),"yes","") | I65: =IF($E65="bird",IF(COUNTIF('eBird List'!$A:$A,$B65)>0,"yes","no"),"") -> yes | J65: =IF(COUNTIF('eBird List'!$A:$A,$B65)=0,"",INDEX('eBird List'!$C:$C,MATCH($B65,'eBird List'!$A:$A,0))) -> 0.0045866095 | K65: =COUNTIFS(Clips!$B:$B,"site",Clips!$F:$F,$B65)+COUNTIFS(Clips!$B:$B,"site",Clips!$O:$O,"*"&$B65&"*") -> 0 | L65: =COUNTIFS(Clips!$F:$F,$B65,Clips!$B:$B,"macaulay") -> 11 | M65: =COUNTIFS(Clips!$F:$F,$B65,Clips!$B:$B,"xeno-canto") -> 3 | N65: =K65+L65+M65 -> 14 | O65: =COUNTIFS(Clips!$F:$F,$B65,Clips!$C:$C,"excluded") -> 0 | P65: =COUNTIFS(Clips!$F:$F,$B65,Clips!$C:$C,"train") -> 10 | Q65: =COUNTIFS(Clips!$F:$F,$B65,Clips!$C:$C,"val") -> 2 | R65: =COUNTIFS(Clips!$F:$F,$B65,Clips!$C:$C,"test") -> 2 | S65: =SUMIFS(Clips!$I:$I,Clips!$F:$F,$B65,Clips!$C:$C,"train")/60 -> 29.055217 | T65: =SUMIFS(Clips!$I:$I,Clips!$F:$F,$B65,Clips!$C:$C,"val")/60 -> 2.6058167 | U65: =SUMIFS(Clips!$I:$I,Clips!$F:$F,$B65,Clips!$C:$C,"test")/60 -> 5.6284833 | V65: =SUMIFS(Clips!$J:$J,Clips!$F:$F,$B65,Clips!$C:$C,"train") -> 354 | W65: =IF(V65=0,"",Splits!$B$49/(Splits!$B$50*V65)) -> 0.44018495 | X65: =IF(P65>0,IF(AND(Q65>0,R65>0),"train + val + test",IF(R65>0,"train + test","train only")),IF(R65>0,"test only (unknown class)",IF(K65>0,"site extract only","no usable audio"))) -> train + val + test | Y65: =IF($P65=0,"",IF($E65="nonbird",$B65,IF($G65="yes",$B65,"other bird"))) -> other bird | Z65: =IF(AND($F65="core",$P65>0),$B65,"") -> Three-wattled Bellbird | AA65: =IF($P65>0,$B65,"") -> Three-wattled Bellbird | AB65: 13 | AC65: 9 | AD65: =IF(COUNTIFS(Clips!$F:$F,$B65,Clips!$M:$M,">0",Clips!$C:$C,"<>excluded")=0,"",AVERAGEIFS(Clips!$M:$M,Clips!$F:$F,$B65,Clips!$M:$M,">0",Clips!$C:$C,"<>excluded")) -> 3.52 | AE65: =COUNTIFS(Clips!$F:$F,$B65,Clips!$O:$O,"<>",Clips!$B:$B,"<>site",Clips!$C:$C,"<>excluded") -> 1 | AF65: =COUNTIFS(Clips!$F:$F,$B65,Clips!$I:$I,"<5",Clips!$C:$C,"<>excluded") -> 0
A66: 19 | B66: Black-cheeked Woodpecker | C66: Melanerpes pucherani | D66: blcwoo1 | E66: bird | F66: core | G66: =IF(AND($E66="bird",$K66>0),"yes","") | I66: =IF($E66="bird",IF(COUNTIF('eBird List'!$A:$A,$B66)>0,"yes","no"),"") -> yes | J66: =IF(COUNTIF('eBird List'!$A:$A,$B66)=0,"",INDEX('eBird List'!$C:$C,MATCH($B66,'eBird List'!$A:$A,0))) -> 0.36636288 | K66: =COUNTIFS(Clips!$B:$B,"site",Clips!$F:$F,$B66)+COUNTIFS(Clips!$B:$B,"site",Clips!$O:$O,"*"&$B66&"*") -> 0 | L66: =COUNTIFS(Clips!$F:$F,$B66,Clips!$B:$B,"macaulay") -> 13 | M66: =COUNTIFS(Clips!$F:$F,$B66,Clips!$B:$B,"xeno-canto") -> 0 | N66: =K66+L66+M66 -> 13 | O66: =COUNTIFS(Clips!$F:$F,$B66,Clips!$C:$C,"excluded") -> 0 | P66: =COUNTIFS(Clips!$F:$F,$B66,Clips!$C:$C,"train") -> 9 | Q66: =COUNTIFS(Clips!$F:$F,$B66,Clips!$C:$C,"val") -> 2 | R66: =COUNTIFS(Clips!$F:$F,$B66,Clips!$C:$C,"test") -> 2 | S66: =SUMIFS(Clips!$I:$I,Clips!$F:$F,$B66,Clips!$C:$C,"train")/60 -> 1.4659167 | T66: =SUMIFS(Clips!$I:$I,Clips!$F:$F,$B66,Clips!$C:$C,"val")/60 -> 0.63998333 | U66: =SUMIFS(Clips!$I:$I,Clips!$F:$F,$B66,Clips!$C:$C,"test")/60 -> 9.21545 | V66: =SUMIFS(Clips!$J:$J,Clips!$F:$F,$B66,Clips!$C:$C,"train") -> 22 | W66: =IF(V66=0,"",Splits!$B$49/(Splits!$B$50*V66)) -> 7.082976 | X66: =IF(P66>0,IF(AND(Q66>0,R66>0),"train + val + test",IF(R66>0,"train + test","train only")),IF(R66>0,"test only (unknown class)",IF(K66>0,"site extract only","no usable audio"))) -> train + val + test | Y66: =IF($P66=0,"",IF($E66="nonbird",$B66,IF($G66="yes",$B66,"other bird"))) -> other bird | Z66: =IF(AND($F66="core",$P66>0),$B66,"") -> Black-cheeked Woodpecker | AA66: =IF($P66>0,$B66,"") -> Black-cheeked Woodpecker | AB66: 10 | AC66: 9 | AD66: =IF(COUNTIFS(Clips!$F:$F,$B66,Clips!$M:$M,">0",Clips!$C:$C,"<>excluded")=0,"",AVERAGEIFS(Clips!$M:$M,Clips!$F:$F,$B66,Clips!$M:$M,">0",Clips!$C:$C,"<>excluded")) -> 2.87 | AE66: =COUNTIFS(Clips!$F:$F,$B66,Clips!$O:$O,"<>",Clips!$B:$B,"<>site",Clips!$C:$C,"<>excluded") -> 3 | AF66: =COUNTIFS(Clips!$F:$F,$B66,Clips!$I:$I,"<5",Clips!$C:$C,"<>excluded") -> 2
A67: 47 | B67: Canebrake Wren | C67: Cantorchilus zeledoni | D67: plawre3 | E67: bird | F67: core | G67: =IF(AND($E67="bird",$K67>0),"yes","") | I67: =IF($E67="bird",IF(COUNTIF('eBird List'!$A:$A,$B67)>0,"yes","no"),"") -> yes | J67: =IF(COUNTIF('eBird List'!$A:$A,$B67)=0,"",INDEX('eBird List'!$C:$C,MATCH($B67,'eBird List'!$A:$A,0))) -> 0.022516083 | K67: =COUNTIFS(Clips!$B:$B,"site",Clips!$F:$F,$B67)+COUNTIFS(Clips!$B:$B,"site",Clips!$O:$O,"*"&$B67&"*") -> 0 | L67: =COUNTIFS(Clips!$F:$F,$B67,Clips!$B:$B,"macaulay") -> 13 | M67: =COUNTIFS(Clips!$F:$F,$B67,Clips!$B:$B,"xeno-canto") -> 0 | N67: =K67+L67+M67 -> 13 | O67: =COUNTIFS(Clips!$F:$F,$B67,Clips!$C:$C,"excluded") -> 0 | P67: =COUNTIFS(Clips!$F:$F,$B67,Clips!$C:$C,"train") -> 9 | Q67: =COUNTIFS(Clips!$F:$F,$B67,Clips!$C:$C,"val") -> 1 | R67: =COUNTIFS(Clips!$F:$F,$B67,Clips!$C:$C,"test") -> 3 | S67: =SUMIFS(Clips!$I:$I,Clips!$F:$F,$B67,Clips!$C:$C,"train")/60 -> 24.420433 | T67: =SUMIFS(Clips!$I:$I,Clips!$F:$F,$B67,Clips!$C:$C,"val")/60 -> 3.4271167 | U67: =SUMIFS(Clips!$I:$I,Clips!$F:$F,$B67,Clips!$C:$C,"test")/60 -> 7.1824 | V67: =SUMIFS(Clips!$J:$J,Clips!$F:$F,$B67,Clips!$C:$C,"train") -> 297 | W67: =IF(V67=0,"",Splits!$B$49/(Splits!$B$50*V67)) -> 0.52466489 | X67: =IF(P67>0,IF(AND(Q67>0,R67>0),"train + val + test",IF(R67>0,"train + test","train only")),IF(R67>0,"test only (unknown class)",IF(K67>0,"site extract only","no usable audio"))) -> train + val + test | Y67: =IF($P67=0,"",IF($E67="nonbird",$B67,IF($G67="yes",$B67,"other bird"))) -> other bird | Z67: =IF(AND($F67="core",$P67>0),$B67,"") -> Canebrake Wren | AA67: =IF($P67>0,$B67,"") -> Canebrake Wren | AB67: 9 | AC67: 6 | AD67: =IF(COUNTIFS(Clips!$F:$F,$B67,Clips!$M:$M,">0",Clips!$C:$C,"<>excluded")=0,"",AVERAGEIFS(Clips!$M:$M,Clips!$F:$F,$B67,Clips!$M:$M,">0",Clips!$C:$C,"<>excluded")) -> 3.1561538 | AE67: =COUNTIFS(Clips!$F:$F,$B67,Clips!$O:$O,"<>",Clips!$B:$B,"<>site",Clips!$C:$C,"<>excluded") -> 4 | AF67: =COUNTIFS(Clips!$F:$F,$B67,Clips!$I:$I,"<5",Clips!$C:$C,"<>excluded") -> 0
A68: 52 | B68: Chestnut-headed Oropendola | C68: Psarocolius wagleri | D68: chhoro1 | E68: bird | F68: core | G68: =IF(AND($E68="bird",$K68>0),"yes","") -> yes | I68: =IF($E68="bird",IF(COUNTIF('eBird List'!$A:$A,$B68)>0,"yes","no"),"") -> yes | J68: =IF(COUNTIF('eBird List'!$A:$A,$B68)=0,"",INDEX('eBird List'!$C:$C,MATCH($B68,'eBird List'!$A:$A,0))) -> 0.18257088 | K68: =COUNTIFS(Clips!$B:$B,"site",Clips!$F:$F,$B68)+COUNTIFS(Clips!$B:$B,"site",Clips!$O:$O,"*"&$B68&"*") -> 1 | L68: =COUNTIFS(Clips!$F:$F,$B68,Clips!$B:$B,"macaulay") -> 13 | M68: =COUNTIFS(Clips!$F:$F,$B68,Clips!$B:$B,"xeno-canto") -> 0 | N68: =K68+L68+M68 -> 14 | O68: =COUNTIFS(Clips!$F:$F,$B68,Clips!$C:$C,"excluded") -> 0 | P68: =COUNTIFS(Clips!$F:$F,$B68,Clips!$C:$C,"train") -> 9 | Q68: =COUNTIFS(Clips!$F:$F,$B68,Clips!$C:$C,"val") -> 2 | R68: =COUNTIFS(Clips!$F:$F,$B68,Clips!$C:$C,"test") -> 2 | S68: =SUMIFS(Clips!$I:$I,Clips!$F:$F,$B68,Clips!$C:$C,"train")/60 -> 4.1854833 | T68: =SUMIFS(Clips!$I:$I,Clips!$F:$F,$B68,Clips!$C:$C,"val")/60 -> 3.2779167 | U68: =SUMIFS(Clips!$I:$I,Clips!$F:$F,$B68,Clips!$C:$C,"test")/60 -> 1.1936167 | V68: =SUMIFS(Clips!$J:$J,Clips!$F:$F,$B68,Clips!$C:$C,"train") -> 55 | W68: =IF(V68=0,"",Splits!$B$49/(Splits!$B$50*V68)) -> 2.8331904 | X68: =IF(P68>0,IF(AND(Q68>0,R68>0),"train + val + test",IF(R68>0,"train + test","train only")),IF(R68>0,"test only (unknown class)",IF(K68>0,"site extract only","no usable audio"))) -> train + val + test | Y68: =IF($P68=0,"",IF($E68="nonbird",$B68,IF($G68="yes",$B68,"other bird"))) -> Chestnut-headed Oropendola | Z68: =IF(AND($F68="core",$P68>0),$B68,"") -> Chestnut-headed Oropendola | AA68: =IF($P68>0,$B68,"") -> Chestnut-headed Oropendola | AB68: 10 | AC68: 8 | AD68: =IF(COUNTIFS(Clips!$F:$F,$B68,Clips!$M:$M,">0",Clips!$C:$C,"<>excluded")=0,"",AVERAGEIFS(Clips!$M:$M,Clips!$F:$F,$B68,Clips!$M:$M,">0",Clips!$C:$C,"<>excluded")) -> 2.8888889 | AE68: =COUNTIFS(Clips!$F:$F,$B68,Clips!$O:$O,"<>",Clips!$B:$B,"<>site",Clips!$C:$C,"<>excluded") -> 0 | AF68: =COUNTIFS(Clips!$F:$F,$B68,Clips!$I:$I,"<5",Clips!$C:$C,"<>excluded") -> 2 | AG68: Site: Single uncertain extract (log: Maybe oropendola?)
A69: 117 | B69: Little Tinamou | C69: Crypturellus soui | D69: littin1 | E69: bird | F69: core | G69: =IF(AND($E69="bird",$K69>0),"yes","") | I69: =IF($E69="bird",IF(COUNTIF('eBird List'!$A:$A,$B69)>0,"yes","no"),"") -> yes | J69: =IF(COUNTIF('eBird List'!$A:$A,$B69)=0,"",INDEX('eBird List'!$C:$C,MATCH($B69,'eBird List'!$A:$A,0))) -> 0.072253991 | K69: =COUNTIFS(Clips!$B:$B,"site",Clips!$F:$F,$B69)+COUNTIFS(Clips!$B:$B,"site",Clips!$O:$O,"*"&$B69&"*") -> 0 | L69: =COUNTIFS(Clips!$F:$F,$B69,Clips!$B:$B,"macaulay") -> 13 | M69: =COUNTIFS(Clips!$F:$F,$B69,Clips!$B:$B,"xeno-canto") -> 0 | N69: =K69+L69+M69 -> 13 | O69: =COUNTIFS(Clips!$F:$F,$B69,Clips!$C:$C,"excluded") -> 0 | P69: =COUNTIFS(Clips!$F:$F,$B69,Clips!$C:$C,"train") -> 9 | Q69: =COUNTIFS(Clips!$F:$F,$B69,Clips!$C:$C,"val") -> 2 | R69: =COUNTIFS(Clips!$F:$F,$B69,Clips!$C:$C,"test") -> 2 | S69: =SUMIFS(Clips!$I:$I,Clips!$F:$F,$B69,Clips!$C:$C,"train")/60 -> 4.5002333 | T69: =SUMIFS(Clips!$I:$I,Clips!$F:$F,$B69,Clips!$C:$C,"val")/60 -> 1.49675 | U69: =SUMIFS(Clips!$I:$I,Clips!$F:$F,$B69,Clips!$C:$C,"test")/60 -> 2.0321333 | V69: =SUMIFS(Clips!$J:$J,Clips!$F:$F,$B69,Clips!$C:$C,"train") -> 58 | W69: =IF(V69=0,"",Splits!$B$49/(Splits!$B$50*V69)) -> 2.6866461 | X69: =IF(P69>0,IF(AND(Q69>0,R69>0),"train + val + test",IF(R69>0,"train + test","train only")),IF(R69>0,"test only (unknown class)",IF(K69>0,"site extract only","no usable audio"))) -> train + val + test | Y69: =IF($P69=0,"",IF($E69="nonbird",$B69,IF($G69="yes",$B69,"other bird"))) -> other bird | Z69: =IF(AND($F69="core",$P69>0),$B69,"") -> Little Tinamou | AA69: =IF($P69>0,$B69,"") -> Little Tinamou | AB69: 10 | AC69: 9 | AD69: =IF(COUNTIFS(Clips!$F:$F,$B69,Clips!$M:$M,">0",Clips!$C:$C,"<>excluded")=0,"",AVERAGEIFS(Clips!$M:$M,Clips!$F:$F,$B69,Clips!$M:$M,">0",Clips!$C:$C,"<>excluded")) -> 4.1363636 | AE69: =COUNTIFS(Clips!$F:$F,$B69,Clips!$O:$O,"<>",Clips!$B:$B,"<>site",Clips!$C:$C,"<>excluded") -> 0 | AF69: =COUNTIFS(Clips!$F:$F,$B69,Clips!$I:$I,"<5",Clips!$C:$C,"<>excluded") -> 1
A70: 155 | B70: Purple-throated Fruitcrow | C70: Querula purpurata | D70: putfru1 | E70: bird | F70: core | G70: =IF(AND($E70="bird",$K70>0),"yes","") | I70: =IF($E70="bird",IF(COUNTIF('eBird List'!$A:$A,$B70)>0,"yes","no"),"") -> yes | J70: =IF(COUNTIF('eBird List'!$A:$A,$B70)=0,"",INDEX('eBird List'!$C:$C,MATCH($B70,'eBird List'!$A:$A,0))) -> 0.075113176 | K70: =COUNTIFS(Clips!$B:$B,"site",Clips!$F:$F,$B70)+COUNTIFS(Clips!$B:$B,"site",Clips!$O:$O,"*"&$B70&"*") -> 0 | L70: =COUNTIFS(Clips!$F:$F,$B70,Clips!$B:$B,"macaulay") -> 13 | M70: =COUNTIFS(Clips!$F:$F,$B70,Clips!$B:$B,"xeno-canto") -> 0 | N70: =K70+L70+M70 -> 13 | O70: =COUNTIFS(Clips!$F:$F,$B70,Clips!$C:$C,"excluded") -> 0 | P70: =COUNTIFS(Clips!$F:$F,$B70,Clips!$C:$C,"train") -> 9 | Q70: =COUNTIFS(Clips!$F:$F,$B70,Clips!$C:$C,"val") -> 2 | R70: =COUNTIFS(Clips!$F:$F,$B70,Clips!$C:$C,"test") -> 2 | S70: =SUMIFS(Clips!$I:$I,Clips!$F:$F,$B70,Clips!$C:$C,"train")/60 -> 5.5428833 | T70: =SUMIFS(Clips!$I:$I,Clips!$F:$F,$B70,Clips!$C:$C,"val")/60 -> 19.103267 | U70: =SUMIFS(Clips!$I:$I,Clips!$F:$F,$B70,Clips!$C:$C,"test")/60 -> 4.41855 | V70: =SUMIFS(Clips!$J:$J,Clips!$F:$F,$B70,Clips!$C:$C,"train") -> 72 | W70: =IF(V70=0,"",Splits!$B$49/(Splits!$B$50*V70)) -> 2.1642427 | X70: =IF(P70>0,IF(AND(Q70>0,R70>0),"train + val + test",IF(R70>0,"train + test","train only")),IF(R70>0,"test only (unknown class)",IF(K70>0,"site extract only","no usable audio"))) -> train + val + test | Y70: =IF($P70=0,"",IF($E70="nonbird",$B70,IF($G70="yes",$B70,"other bird"))) -> other bird | Z70: =IF(AND($F70="core",$P70>0),$B70,"") -> Purple-throated Fruitcrow | AA70: =IF($P70>0,$B70,"") -> Purple-throated Fruitcrow | AB70: 12 | AC70: 9 | AD70: =IF(COUNTIFS(Clips!$F:$F,$B70,Clips!$M:$M,">0",Clips!$C:$C,"<>excluded")=0,"",AVERAGEIFS(Clips!$M:$M,Clips!$F:$F,$B70,Clips!$M:$M,">0",Clips!$C:$C,"<>excluded")) -> 2.44 | AE70: =COUNTIFS(Clips!$F:$F,$B70,Clips!$O:$O,"<>",Clips!$B:$B,"<>site",Clips!$C:$C,"<>excluded") -> 1 | AF70: =COUNTIFS(Clips!$F:$F,$B70,Clips!$I:$I,"<5",Clips!$C:$C,"<>excluded") -> 0
A71: 166 | B71: Rufous Mourner | C71: Rhytipterna holerythra | D71: rufmou1 | E71: bird | F71: core | G71: =IF(AND($E71="bird",$K71>0),"yes","") | I71: =IF($E71="bird",IF(COUNTIF('eBird List'!$A:$A,$B71)>0,"yes","no"),"") -> yes | J71: =IF(COUNTIF('eBird List'!$A:$A,$B71)=0,"",INDEX('eBird List'!$C:$C,MATCH($B71,'eBird List'!$A:$A,0))) -> 0.15246009 | K71: =COUNTIFS(Clips!$B:$B,"site",Clips!$F:$F,$B71)+COUNTIFS(Clips!$B:$B,"site",Clips!$O:$O,"*"&$B71&"*") -> 0 | L71: =COUNTIFS(Clips!$F:$F,$B71,Clips!$B:$B,"macaulay") -> 13 | M71: =COUNTIFS(Clips!$F:$F,$B71,Clips!$B:$B,"xeno-canto") -> 0 | N71: =K71+L71+M71 -> 13 | O71: =COUNTIFS(Clips!$F:$F,$B71,Clips!$C:$C,"excluded") -> 0 | P71: =COUNTIFS(Clips!$F:$F,$B71,Clips!$C:$C,"train") -> 9 | Q71: =COUNTIFS(Clips!$F:$F,$B71,Clips!$C:$C,"val") -> 2 | R71: =COUNTIFS(Clips!$F:$F,$B71,Clips!$C:$C,"test") -> 2 | S71: =SUMIFS(Clips!$I:$I,Clips!$F:$F,$B71,Clips!$C:$C,"train")/60 -> 2.8139333 | T71: =SUMIFS(Clips!$I:$I,Clips!$F:$F,$B71,Clips!$C:$C,"val")/60 -> 0.43531667 | U71: =SUMIFS(Clips!$I:$I,Clips!$F:$F,$B71,Clips!$C:$C,"test")/60 -> 0.12525 | V71: =SUMIFS(Clips!$J:$J,Clips!$F:$F,$B71,Clips!$C:$C,"train") -> 38 | W71: =IF(V71=0,"",Splits!$B$49/(Splits!$B$50*V71)) -> 4.1006703 | X71: =IF(P71>0,IF(AND(Q71>0,R71>0),"train + val + test",IF(R71>0,"train + test","train only")),IF(R71>0,"test only (unknown class)",IF(K71>0,"site extract only","no usable audio"))) -> train + val + test | Y71: =IF($P71=0,"",IF($E71="nonbird",$B71,IF($G71="yes",$B71,"other bird"))) -> other bird | Z71: =IF(AND($F71="core",$P71>0),$B71,"") -> Rufous Mourner | AA71: =IF($P71>0,$B71,"") -> Rufous Mourner | AB71: 9 | AC71: 8 | AD71: =IF(COUNTIFS(Clips!$F:$F,$B71,Clips!$M:$M,">0",Clips!$C:$C,"<>excluded")=0,"",AVERAGEIFS(Clips!$M:$M,Clips!$F:$F,$B71,Clips!$M:$M,">0",Clips!$C:$C,"<>excluded")) -> 2.5491667 | AE71: =COUNTIFS(Clips!$F:$F,$B71,Clips!$O:$O,"<>",Clips!$B:$B,"<>site",Clips!$C:$C,"<>excluded") -> 1 | AF71: =COUNTIFS(Clips!$F:$F,$B71,Clips!$I:$I,"<5",Clips!$C:$C,"<>excluded") -> 5
A72: 208 | B72: Thicket Antpitta | C72: Myrmothera dives | D72: thiant1 | E72: bird | F72: core | G72: =IF(AND($E72="bird",$K72>0),"yes","") | I72: =IF($E72="bird",IF(COUNTIF('eBird List'!$A:$A,$B72)>0,"yes","no"),"") -> yes | J72: =IF(COUNTIF('eBird List'!$A:$A,$B72)=0,"",INDEX('eBird List'!$C:$C,MATCH($B72,'eBird List'!$A:$A,0))) -> 0.0025613533 | K72: =COUNTIFS(Clips!$B:$B,"site",Clips!$F:$F,$B72)+COUNTIFS(Clips!$B:$B,"site",Clips!$O:$O,"*"&$B72&"*") -> 0 | L72: =COUNTIFS(Clips!$F:$F,$B72,Clips!$B:$B,"macaulay") -> 12 | M72: =COUNTIFS(Clips!$F:$F,$B72,Clips!$B:$B,"xeno-canto") -> 1 | N72: =K72+L72+M72 -> 13 | O72: =COUNTIFS(Clips!$F:$F,$B72,Clips!$C:$C,"excluded") -> 0 | P72: =COUNTIFS(Clips!$F:$F,$B72,Clips!$C:$C,"train") -> 9 | Q72: =COUNTIFS(Clips!$F:$F,$B72,Clips!$C:$C,"val") -> 2 | R72: =COUNTIFS(Clips!$F:$F,$B72,Clips!$C:$C,"test") -> 2 | S72: =SUMIFS(Clips!$I:$I,Clips!$F:$F,$B72,Clips!$C:$C,"train")/60 -> 18.63115 | T72: =SUMIFS(Clips!$I:$I,Clips!$F:$F,$B72,Clips!$C:$C,"val")/60 -> 6.4026 | U72: =SUMIFS(Clips!$I:$I,Clips!$F:$F,$B72,Clips!$C:$C,"test")/60 -> 4.1433 | V72: =SUMIFS(Clips!$J:$J,Clips!$F:$F,$B72,Clips!$C:$C,"train") -> 229 | W72: =IF(V72=0,"",Splits!$B$49/(Splits!$B$50*V72)) -> 0.68046058 | X72: =IF(P72>0,IF(AND(Q72>0,R72>0),"train + val + test",IF(R72>0,"train + test","train only")),IF(R72>0,"test only (unknown class)",IF(K72>0,"site extract only","no usable audio"))) -> train + val + test | Y72: =IF($P72=0,"",IF($E72="nonbird",$B72,IF($G72="yes",$B72,"other bird"))) -> other bird | Z72: =IF(AND($F72="core",$P72>0),$B72,"") -> Thicket Antpitta | AA72: =IF($P72>0,$B72,"") -> Thicket Antpitta | AB72: 11 | AC72: 9 | AD72: =IF(COUNTIFS(Clips!$F:$F,$B72,Clips!$M:$M,">0",Clips!$C:$C,"<>excluded")=0,"",AVERAGEIFS(Clips!$M:$M,Clips!$F:$F,$B72,Clips!$M:$M,">0",Clips!$C:$C,"<>excluded")) -> 2.7545455 | AE72: =COUNTIFS(Clips!$F:$F,$B72,Clips!$O:$O,"<>",Clips!$B:$B,"<>site",Clips!$C:$C,"<>excluded") -> 2 | AF72: =COUNTIFS(Clips!$F:$F,$B72,Clips!$I:$I,"<5",Clips!$C:$C,"<>excluded") -> 0 | AG72: Xeno-canto label Thicket Antpitta (Hylopezus dives)
A73: 4 | B73: Band-backed Wren | C73: Campylorhynchus zonatus | D73: babwre1 | E73: bird | F73: core | G73: =IF(AND($E73="bird",$K73>0),"yes","") | I73: =IF($E73="bird",IF(COUNTIF('eBird List'!$A:$A,$B73)>0,"yes","no"),"") -> yes | J73: =IF(COUNTIF('eBird List'!$A:$A,$B73)=0,"",INDEX('eBird List'!$C:$C,MATCH($B73,'eBird List'!$A:$A,0))) -> 0.080950679 | K73: =COUNTIFS(Clips!$B:$B,"site",Clips!$F:$F,$B73)+COUNTIFS(Clips!$B:$B,"site",Clips!$O:$O,"*"&$B73&"*") -> 0 | L73: =COUNTIFS(Clips!$F:$F,$B73,Clips!$B:$B,"macaulay") -> 12 | M73: =COUNTIFS(Clips!$F:$F,$B73,Clips!$B:$B,"xeno-canto") -> 0 | N73: =K73+L73+M73 -> 12 | O73: =COUNTIFS(Clips!$F:$F,$B73,Clips!$C:$C,"excluded") -> 0 | P73: =COUNTIFS(Clips!$F:$F,$B73,Clips!$C:$C,"train") -> 8 | Q73: =COUNTIFS(Clips!$F:$F,$B73,Clips!$C:$C,"val") -> 2 | R73: =COUNTIFS(Clips!$F:$F,$B73,Clips!$C:$C,"test") -> 2 | S73: =SUMIFS(Clips!$I:$I,Clips!$F:$F,$B73,Clips!$C:$C,"train")/60 -> 3.27925 | T73: =SUMIFS(Clips!$I:$I,Clips!$F:$F,$B73,Clips!$C:$C,"val")/60 -> 2.6361 | U73: =SUMIFS(Clips!$I:$I,Clips!$F:$F,$B73,Clips!$C:$C,"test")/60 -> 1.3377667 | V73: =SUMIFS(Clips!$J:$J,Clips!$F:$F,$B73,Clips!$C:$C,"train") -> 43 | W73: =IF(V73=0,"",Splits!$B$49/(Splits!$B$50*V73)) -> 3.6238482 | X73: =IF(P73>0,IF(AND(Q73>0,R73>0),"train + val + test",IF(R73>0,"train + test","train only")),IF(R73>0,"test only (unknown class)",IF(K73>0,"site extract only","no usable audio"))) -> train + val + test | Y73: =IF($P73=0,"",IF($E73="nonbird",$B73,IF($G73="yes",$B73,"other bird"))) -> other bird | Z73: =IF(AND($F73="core",$P73>0),$B73,"") -> Band-backed Wren | AA73: =IF($P73>0,$B73,"") -> Band-backed Wren | AB73: 11 | AC73: 10 | AD73: =IF(COUNTIFS(Clips!$F:$F,$B73,Clips!$M:$M,">0",Clips!$C:$C,"<>excluded")=0,"",AVERAGEIFS(Clips!$M:$M,Clips!$F:$F,$B73,Clips!$M:$M,">0",Clips!$C:$C,"<>excluded")) -> 3.0625 | AE73: =COUNTIFS(Clips!$F:$F,$B73,Clips!$O:$O,"<>",Clips!$B:$B,"<>site",Clips!$C:$C,"<>excluded") -> 0 | AF73: =COUNTIFS(Clips!$F:$F,$B73,Clips!$I:$I,"<5",Clips!$C:$C,"<>excluded") -> 1
A74: 55 | B74: Cinnamon Woodpecker | C74: Celeus loricatus | D74: cinwoo1 | E74: bird | F74: core | G74: =IF(AND($E74="bird",$K74>0),"yes","") | I74: =IF($E74="bird",IF(COUNTIF('eBird List'!$A:$A,$B74)>0,"yes","no"),"") -> yes | J74: =IF(COUNTIF('eBird List'!$A:$A,$B74)=0,"",INDEX('eBird List'!$C:$C,MATCH($B74,'eBird List'!$A:$A,0))) -> 0.12568501 | K74: =COUNTIFS(Clips!$B:$B,"site",Clips!$F:$F,$B74)+COUNTIFS(Clips!$B:$B,"site",Clips!$O:$O,"*"&$B74&"*") -> 0 | L74: =COUNTIFS(Clips!$F:$F,$B74,Clips!$B:$B,"macaulay") -> 12 | M74: =COUNTIFS(Clips!$F:$F,$B74,Clips!$B:$B,"xeno-canto") -> 0 | N74: =K74+L74+M74 -> 12 | O74: =COUNTIFS(Clips!$F:$F,$B74,Clips!$C:$C,"excluded") -> 0 | P74: =COUNTIFS(Clips!$F:$F,$B74,Clips!$C:$C,"train") -> 8 | Q74: =COUNTIFS(Clips!$F:$F,$B74,Clips!$C:$C,"val") -> 2 | R74: =COUNTIFS(Clips!$F:$F,$B74,Clips!$C:$C,"test") -> 2 | S74: =SUMIFS(Clips!$I:$I,Clips!$F:$F,$B74,Clips!$C:$C,"train")/60 -> 1.92615 | T74: =SUMIFS(Clips!$I:$I,Clips!$F:$F,$B74,Clips!$C:$C,"val")/60 -> 0.63276667 | U74: =SUMIFS(Clips!$I:$I,Clips!$F:$F,$B74,Clips!$C:$C,"test")/60 -> 1.1923 | V74: =SUMIFS(Clips!$J:$J,Clips!$F:$F,$B74,Clips!$C:$C,"train") -> 28 | W74: =IF(V74=0,"",Splits!$B$49/(Splits!$B$50*V74)) -> 5.5651954 | X74: =IF(P74>0,IF(AND(Q74>0,R74>0),"train + val + test",IF(R74>0,"train + test","train only")),IF(R74>0,"test only (unknown class)",IF(K74>0,"site extract only","no usable audio"))) -> train + val + test | Y74: =IF($P74=0,"",IF($E74="nonbird",$B74,IF($G74="yes",$B74,"other bird"))) -> other bird | Z74: =IF(AND($F74="core",$P74>0),$B74,"") -> Cinnamon Woodpecker | AA74: =IF($P74>0,$B74,"") -> Cinnamon Woodpecker | AB74: 10 | AC74: 8 | AD74: =IF(COUNTIFS(Clips!$F:$F,$B74,Clips!$M:$M,">0",Clips!$C:$C,"<>excluded")=0,"",AVERAGEIFS(Clips!$M:$M,Clips!$F:$F,$B74,Clips!$M:$M,">0",Clips!$C:$C,"<>excluded")) -> 2.6666667 | AE74: =COUNTIFS(Clips!$F:$F,$B74,Clips!$O:$O,"<>",Clips!$B:$B,"<>site",Clips!$C:$C,"<>excluded") -> 4 | AF74: =COUNTIFS(Clips!$F:$F,$B74,Clips!$I:$I,"<5",Clips!$C:$C,"<>excluded") -> 2
A75: 115 | B75: Laughing Falcon | C75: Herpetotheres cachinnans | D75: laufal1 | E75: bird | F75: core | G75: =IF(AND($E75="bird",$K75>0),"yes","") | I75: =IF($E75="bird",IF(COUNTIF('eBird List'!$A:$A,$B75)>0,"yes","no"),"") -> yes | J75: =IF(COUNTIF('eBird List'!$A:$A,$B75)=0,"",INDEX('eBird List'!$C:$C,MATCH($B75,'eBird List'!$A:$A,0))) -> 0.080920896 | K75: =COUNTIFS(Clips!$B:$B,"site",Clips!$F:$F,$B75)+COUNTIFS(Clips!$B:$B,"site",Clips!$O:$O,"*"&$B75&"*") -> 0 | L75: =COUNTIFS(Clips!$F:$F,$B75,Clips!$B:$B,"macaulay") -> 12 | M75: =COUNTIFS(Clips!$F:$F,$B75,Clips!$B:$B,"xeno-canto") -> 0 | N75: =K75+L75+M75 -> 12 | O75: =COUNTIFS(Clips!$F:$F,$B75,Clips!$C:$C,"excluded") -> 0 | P75: =COUNTIFS(Clips!$F:$F,$B75,Clips!$C:$C,"train") -> 8 | Q75: =COUNTIFS(Clips!$F:$F,$B75,Clips!$C:$C,"val") -> 2 | R75: =COUNTIFS(Clips!$F:$F,$B75,Clips!$C:$C,"test") -> 2 | S75: =SUMIFS(Clips!$I:$I,Clips!$F:$F,$B75,Clips!$C:$C,"train")/60 -> 5.7353167 | T75: =SUMIFS(Clips!$I:$I,Clips!$F:$F,$B75,Clips!$C:$C,"val")/60 -> 0.56025 | U75: =SUMIFS(Clips!$I:$I,Clips!$F:$F,$B75,Clips!$C:$C,"test")/60 -> 0.46011667 | V75: =SUMIFS(Clips!$J:$J,Clips!$F:$F,$B75,Clips!$C:$C,"train") -> 73 | W75: =IF(V75=0,"",Splits!$B$49/(Splits!$B$50*V75)) -> 2.1345955 | X75: =IF(P75>0,IF(AND(Q75>0,R75>0),"train + val + test",IF(R75>0,"train + test","train only")),IF(R75>0,"test only (unknown class)",IF(K75>0,"site extract only","no usable audio"))) -> train + val + test | Y75: =IF($P75=0,"",IF($E75="nonbird",$B75,IF($G75="yes",$B75,"other bird"))) -> other bird | Z75: =IF(AND($F75="core",$P75>0),$B75,"") -> Laughing Falcon | AA75: =IF($P75>0,$B75,"") -> Laughing Falcon | AB75: 12 | AC75: 11 | AD75: =IF(COUNTIFS(Clips!$F:$F,$B75,Clips!$M:$M,">0",Clips!$C:$C,"<>excluded")=0,"",AVERAGEIFS(Clips!$M:$M,Clips!$F:$F,$B75,Clips!$M:$M,">0",Clips!$C:$C,"<>excluded")) -> 3.1428571 | AE75: =COUNTIFS(Clips!$F:$F,$B75,Clips!$O:$O,"<>",Clips!$B:$B,"<>site",Clips!$C:$C,"<>excluded") -> 0 | AF75: =COUNTIFS(Clips!$F:$F,$B75,Clips!$I:$I,"<5",Clips!$C:$C,"<>excluded") -> 0
A76: 119 | B76: Long-billed Hermit | C76: Phaethornis longirostris | D76: lobher | E76: bird | F76: core | G76: =IF(AND($E76="bird",$K76>0),"yes","") | I76: =IF($E76="bird",IF(COUNTIF('eBird List'!$A:$A,$B76)>0,"yes","no"),"") -> yes | J76: =IF(COUNTIF('eBird List'!$A:$A,$B76)=0,"",INDEX('eBird List'!$C:$C,MATCH($B76,'eBird List'!$A:$A,0))) -> 0.19856445 | K76: =COUNTIFS(Clips!$B:$B,"site",Clips!$F:$F,$B76)+COUNTIFS(Clips!$B:$B,"site",Clips!$O:$O,"*"&$B76&"*") -> 0 | L76: =COUNTIFS(Clips!$F:$F,$B76,Clips!$B:$B,"macaulay") -> 12 | M76: =COUNTIFS(Clips!$F:$F,$B76,Clips!$B:$B,"xeno-canto") -> 0 | N76: =K76+L76+M76 -> 12 | O76: =COUNTIFS(Clips!$F:$F,$B76,Clips!$C:$C,"excluded") -> 0 | P76: =COUNTIFS(Clips!$F:$F,$B76,Clips!$C:$C,"train") -> 8 | Q76: =COUNTIFS(Clips!$F:$F,$B76,Clips!$C:$C,"val") -> 2 | R76: =COUNTIFS(Clips!$F:$F,$B76,Clips!$C:$C,"test") -> 2 | S76: =SUMIFS(Clips!$I:$I,Clips!$F:$F,$B76,Clips!$C:$C,"train")/60 -> 5.15655 | T76: =SUMIFS(Clips!$I:$I,Clips!$F:$F,$B76,Clips!$C:$C,"val")/60 -> 5.607 | U76: =SUMIFS(Clips!$I:$I,Clips!$F:$F,$B76,Clips!$C:$C,"test")/60 -> 4.1459667 | V76: =SUMIFS(Clips!$J:$J,Clips!$F:$F,$B76,Clips!$C:$C,"train") -> 67 | W76: =IF(V76=0,"",Splits!$B$49/(Splits!$B$50*V76)) -> 2.3257533 | X76: =IF(P76>0,IF(AND(Q76>0,R76>0),"train + val + test",IF(R76>0,"train + test","train only")),IF(R76>0,"test only (unknown class)",IF(K76>0,"site extract only","no usable audio"))) -> train + val + test | Y76: =IF($P76=0,"",IF($E76="nonbird",$B76,IF($G76="yes",$B76,"other bird"))) -> other bird | Z76: =IF(AND($F76="core",$P76>0),$B76,"") -> Long-billed Hermit | AA76: =IF($P76>0,$B76,"") -> Long-billed Hermit | AB76: 12 | AC76: 9 | AD76: =IF(COUNTIFS(Clips!$F:$F,$B76,Clips!$M:$M,">0",Clips!$C:$C,"<>excluded")=0,"",AVERAGEIFS(Clips!$M:$M,Clips!$F:$F,$B76,Clips!$M:$M,">0",Clips!$C:$C,"<>excluded")) -> 2.85 | AE76: =COUNTIFS(Clips!$F:$F,$B76,Clips!$O:$O,"<>",Clips!$B:$B,"<>site",Clips!$C:$C,"<>excluded") -> 0 | AF76: =COUNTIFS(Clips!$F:$F,$B76,Clips!$I:$I,"<5",Clips!$C:$C,"<>excluded") -> 0
A77: 135 | B77: Northern Plain-Xenops | C77: Xenops mexicanus | D77: plaxen2 | E77: bird | F77: core | G77: =IF(AND($E77="bird",$K77>0),"yes","") | I77: =IF($E77="bird",IF(COUNTIF('eBird List'!$A:$A,$B77)>0,"yes","no"),"") -> yes | J77: =IF(COUNTIF('eBird List'!$A:$A,$B77)=0,"",INDEX('eBird List'!$C:$C,MATCH($B77,'eBird List'!$A:$A,0))) -> 0.067518466 | K77: =COUNTIFS(Clips!$B:$B,"site",Clips!$F:$F,$B77)+COUNTIFS(Clips!$B:$B,"site",Clips!$O:$O,"*"&$B77&"*") -> 0 | L77: =COUNTIFS(Clips!$F:$F,$B77,Clips!$B:$B,"macaulay") -> 12 | M77: =COUNTIFS(Clips!$F:$F,$B77,Clips!$B:$B,"xeno-canto") -> 0 | N77: =K77+L77+M77 -> 12 | O77: =COUNTIFS(Clips!$F:$F,$B77,Clips!$C:$C,"excluded") -> 0 | P77: =COUNTIFS(Clips!$F:$F,$B77,Clips!$C:$C,"train") -> 8 | Q77: =COUNTIFS(Clips!$F:$F,$B77,Clips!$C:$C,"val") -> 2 | R77: =COUNTIFS(Clips!$F:$F,$B77,Clips!$C:$C,"test") -> 2 | S77: =SUMIFS(Clips!$I:$I,Clips!$F:$F,$B77,Clips!$C:$C,"train")/60 -> 3.37525 | T77: =SUMIFS(Clips!$I:$I,Clips!$F:$F,$B77,Clips!$C:$C,"val")/60 -> 1.8901 | U77: =SUMIFS(Clips!$I:$I,Clips!$F:$F,$B77,Clips!$C:$C,"test")/60 -> 0.47231667 | V77: =SUMIFS(Clips!$J:$J,Clips!$F:$F,$B77,Clips!$C:$C,"train") -> 45 | W77: =IF(V77=0,"",Splits!$B$49/(Splits!$B$50*V77)) -> 3.4627883 | X77: =IF(P77>0,IF(AND(Q77>0,R77>0),"train + val + test",IF(R77>0,"train + test","train only")),IF(R77>0,"test only (unknown class)",IF(K77>0,"site extract only","no usable audio"))) -> train + val + test | Y77: =IF($P77=0,"",IF($E77="nonbird",$B77,IF($G77="yes",$B77,"other bird"))) -> other bird | Z77: =IF(AND($F77="core",$P77>0),$B77,"") -> Northern Plain-Xenops | AA77: =IF($P77>0,$B77,"") -> Northern Plain-Xenops | AB77: 10 | AC77: 9 | AD77: =IF(COUNTIFS(Clips!$F:$F,$B77,Clips!$M:$M,">0",Clips!$C:$C,"<>excluded")=0,"",AVERAGEIFS(Clips!$M:$M,Clips!$F:$F,$B77,Clips!$M:$M,">0",Clips!$C:$C,"<>excluded")) -> 2.6363636 | AE77: =COUNTIFS(Clips!$F:$F,$B77,Clips!$O:$O,"<>",Clips!$B:$B,"<>site",Clips!$C:$C,"<>excluded") -> 0 | AF77: =COUNTIFS(Clips!$F:$F,$B77,Clips!$I:$I,"<5",Clips!$C:$C,"<>excluded") -> 1
A78: 152 | B78: Plain-brown Woodcreeper | C78: Dendrocincla fuliginosa | D78: plbwoo1 | E78: bird | F78: core | G78: =IF(AND($E78="bird",$K78>0),"yes","") | I78: =IF($E78="bird",IF(COUNTIF('eBird List'!$A:$A,$B78)>0,"yes","no"),"") -> yes | J78: =IF(COUNTIF('eBird List'!$A:$A,$B78)=0,"",INDEX('eBird List'!$C:$C,MATCH($B78,'eBird List'!$A:$A,0))) -> 0.10483679 | K78: =COUNTIFS(Clips!$B:$B,"site",Clips!$F:$F,$B78)+COUNTIFS(Clips!$B:$B,"site",Clips!$O:$O,"*"&$B78&"*") -> 0 | L78: =COUNTIFS(Clips!$F:$F,$B78,Clips!$B:$B,"macaulay") -> 12 | M78: =COUNTIFS(Clips!$F:$F,$B78,Clips!$B:$B,"xeno-canto") -> 0 | N78: =K78+L78+M78 -> 12 | O78: =COUNTIFS(Clips!$F:$F,$B78,Clips!$C:$C,"excluded") -> 0 | P78: =COUNTIFS(Clips!$F:$F,$B78,Clips!$C:$C,"train") -> 8 | Q78: =COUNTIFS(Clips!$F:$F,$B78,Clips!$C:$C,"val") -> 2 | R78: =COUNTIFS(Clips!$F:$F,$B78,Clips!$C:$C,"test") -> 2 | S78: =SUMIFS(Clips!$I:$I,Clips!$F:$F,$B78,Clips!$C:$C,"train")/60 -> 8.328 | T78: =SUMIFS(Clips!$I:$I,Clips!$F:$F,$B78,Clips!$C:$C,"val")/60 -> 2.0918833 | U78: =SUMIFS(Clips!$I:$I,Clips!$F:$F,$B78,Clips!$C:$C,"test")/60 -> 0.40581667 | V78: =SUMIFS(Clips!$J:$J,Clips!$F:$F,$B78,Clips!$C:$C,"train") -> 104 | W78: =IF(V78=0,"",Splits!$B$49/(Splits!$B$50*V78)) -> 1.4983218 | X78: =IF(P78>0,IF(AND(Q78>0,R78>0),"train + val + test",IF(R78>0,"train + test","train only")),IF(R78>0,"test only (unknown class)",IF(K78>0,"site extract only","no usable audio"))) -> train + val + test | Y78: =IF($P78=0,"",IF($E78="nonbird",$B78,IF($G78="yes",$B78,"other bird"))) -> other bird | Z78: =IF(AND($F78="core",$P78>0),$B78,"") -> Plain-brown Woodcreeper | AA78: =IF($P78>0,$B78,"") -> Plain-brown Woodcreeper | AB78: 10 | AC78: 9 | AD78: =IF(COUNTIFS(Clips!$F:$F,$B78,Clips!$M:$M,">0",Clips!$C:$C,"<>excluded")=0,"",AVERAGEIFS(Clips!$M:$M,Clips!$F:$F,$B78,Clips!$M:$M,">0",Clips!$C:$C,"<>excluded")) -> 1.67 | AE78: =COUNTIFS(Clips!$F:$F,$B78,Clips!$O:$O,"<>",Clips!$B:$B,"<>site",Clips!$C:$C,"<>excluded") -> 3 | AF78: =COUNTIFS(Clips!$F:$F,$B78,Clips!$I:$I,"<5",Clips!$C:$C,"<>excluded") -> 0
A79: 220 | B79: White-crowned Parrot | C79: Pionus senilis | D79: whcpar | E79: bird | F79: core | G79: =IF(AND($E79="bird",$K79>0),"yes","") | I79: =IF($E79="bird",IF(COUNTIF('eBird List'!$A:$A,$B79)>0,"yes","no"),"") -> yes | J79: =IF(COUNTIF('eBird List'!$A:$A,$B79)=0,"",INDEX('eBird List'!$C:$C,MATCH($B79,'eBird List'!$A:$A,0))) -> 0.20949488 | K79: =COUNTIFS(Clips!$B:$B,"site",Clips!$F:$F,$B79)+COUNTIFS(Clips!$B:$B,"site",Clips!$O:$O,"*"&$B79&"*") -> 0 | L79: =COUNTIFS(Clips!$F:$F,$B79,Clips!$B:$B,"macaulay") -> 12 | M79: =COUNTIFS(Clips!$F:$F,$B79,Clips!$B:$B,"xeno-canto") -> 0 | N79: =K79+L79+M79 -> 12 | O79: =COUNTIFS(Clips!$F:$F,$B79,Clips!$C:$C,"excluded") -> 0 | P79: =COUNTIFS(Clips!$F:$F,$B79,Clips!$C:$C,"train") -> 8 | Q79: =COUNTIFS(Clips!$F:$F,$B79,Clips!$C:$C,"val") -> 2 | R79: =COUNTIFS(Clips!$F:$F,$B79,Clips!$C:$C,"test") -> 2 | S79: =SUMIFS(Clips!$I:$I,Clips!$F:$F,$B79,Clips!$C:$C,"train")/60 -> 2.5696833 | T79: =SUMIFS(Clips!$I:$I,Clips!$F:$F,$B79,Clips!$C:$C,"val")/60 -> 2.3023167 | U79: =SUMIFS(Clips!$I:$I,Clips!$F:$F,$B79,Clips!$C:$C,"test")/60 -> 1.6734333 | V79: =SUMIFS(Clips!$J:$J,Clips!$F:$F,$B79,Clips!$C:$C,"train") -> 35 | W79: =IF(V79=0,"",Splits!$B$49/(Splits!$B$50*V79)) -> 4.4521563 | X79: =IF(P79>0,IF(AND(Q79>0,R79>0),"train + val + test",IF(R79>0,"train + test","train only")),IF(R79>0,"test only (unknown class)",IF(K79>0,"site extract only","no usable audio"))) -> train + val + test | Y79: =IF($P79=0,"",IF($E79="nonbird",$B79,IF($G79="yes",$B79,"other bird"))) -> other bird | Z79: =IF(AND($F79="core",$P79>0),$B79,"") -> White-crowned Parrot | AA79: =IF($P79>0,$B79,"") -> White-crowned Parrot | AB79: 11 | AC79: 10 | AD79: =IF(COUNTIFS(Clips!$F:$F,$B79,Clips!$M:$M,">0",Clips!$C:$C,"<>excluded")=0,"",AVERAGEIFS(Clips!$M:$M,Clips!$F:$F,$B79,Clips!$M:$M,">0",Clips!$C:$C,"<>excluded")) -> 3.215 | AE79: =COUNTIFS(Clips!$F:$F,$B79,Clips!$O:$O,"<>",Clips!$B:$B,"<>site",Clips!$C:$C,"<>excluded") -> 2 | AF79: =COUNTIFS(Clips!$F:$F,$B79,Clips!$I:$I,"<5",Clips!$C:$C,"<>excluded") -> 0
A80: 223 | B80: White-fronted Nunbird | C80: Monasa morphoeus | D80: whfnun1 | E80: bird | F80: core | G80: =IF(AND($E80="bird",$K80>0),"yes","") | I80: =IF($E80="bird",IF(COUNTIF('eBird List'!$A:$A,$B80)>0,"yes","no"),"") -> yes | J80: =IF(COUNTIF('eBird List'!$A:$A,$B80)=0,"",INDEX('eBird List'!$C:$C,MATCH($B80,'eBird List'!$A:$A,0))) -> 0.027519657 | K80: =COUNTIFS(Clips!$B:$B,"site",Clips!$F:$F,$B80)+COUNTIFS(Clips!$B:$B,"site",Clips!$O:$O,"*"&$B80&"*") -> 0 | L80: =COUNTIFS(Clips!$F:$F,$B80,Clips!$B:$B,"macaulay") -> 12 | M80: =COUNTIFS(Clips!$F:$F,$B80,Clips!$B:$B,"xeno-canto") -> 0 | N80: =K80+L80+M80 -> 12 | O80: =COUNTIFS(Clips!$F:$F,$B80,Clips!$C:$C,"excluded") -> 0 | P80: =COUNTIFS(Clips!$F:$F,$B80,Clips!$C:$C,"train") -> 8 | Q80: =COUNTIFS(Clips!$F:$F,$B80,Clips!$C:$C,"val") -> 2 | R80: =COUNTIFS(Clips!$F:$F,$B80,Clips!$C:$C,"test") -> 2 | S80: =SUMIFS(Clips!$I:$I,Clips!$F:$F,$B80,Clips!$C:$C,"train")/60 -> 36.511833 | T80: =SUMIFS(Clips!$I:$I,Clips!$F:$F,$B80,Clips!$C:$C,"val")/60 -> 15.121217 | U80: =SUMIFS(Clips!$I:$I,Clips!$F:$F,$B80,Clips!$C:$C,"test")/60 -> 0.74473333 | V80: =SUMIFS(Clips!$J:$J,Clips!$F:$F,$B80,Clips!$C:$C,"train") -> 355 | W80: =IF(V80=0,"",Splits!$B$49/(Splits!$B$50*V80)) -> 0.43894499 | X80: =IF(P80>0,IF(AND(Q80>0,R80>0),"train + val + test",IF(R80>0,"train + test","train only")),IF(R80>0,"test only (unknown class)",IF(K80>0,"site extract only","no usable audio"))) -> train + val + test | Y80: =IF($P80=0,"",IF($E80="nonbird",$B80,IF($G80="yes",$B80,"other bird"))) -> other bird | Z80: =IF(AND($F80="core",$P80>0),$B80,"") -> White-fronted Nunbird | AA80: =IF($P80>0,$B80,"") -> White-fronted Nunbird | AB80: 10 | AC80: 8 | AD80: =IF(COUNTIFS(Clips!$F:$F,$B80,Clips!$M:$M,">0",Clips!$C:$C,"<>excluded")=0,"",AVERAGEIFS(Clips!$M:$M,Clips!$F:$F,$B80,Clips!$M:$M,">0",Clips!$C:$C,"<>excluded")) -> 3.0454545 | AE80: =COUNTIFS(Clips!$F:$F,$B80,Clips!$O:$O,"<>",Clips!$B:$B,"<>site",Clips!$C:$C,"<>excluded") -> 2 | AF80: =COUNTIFS(Clips!$F:$F,$B80,Clips!$I:$I,"<5",Clips!$C:$C,"<>excluded") -> 0
A81: 235 | B81: Wood Thrush | C81: Hylocichla mustelina | D81: woothr | E81: bird | F81: core | G81: =IF(AND($E81="bird",$K81>0),"yes","") | I81: =IF($E81="bird",IF(COUNTIF('eBird List'!$A:$A,$B81)>0,"yes","no"),"") -> yes | J81: =IF(COUNTIF('eBird List'!$A:$A,$B81)=0,"",INDEX('eBird List'!$C:$C,MATCH($B81,'eBird List'!$A:$A,0))) -> 0.11436741 | K81: =COUNTIFS(Clips!$B:$B,"site",Clips!$F:$F,$B81)+COUNTIFS(Clips!$B:$B,"site",Clips!$O:$O,"*"&$B81&"*") -> 0 | L81: =COUNTIFS(Clips!$F:$F,$B81,Clips!$B:$B,"macaulay") -> 13 | M81: =COUNTIFS(Clips!$F:$F,$B81,Clips!$B:$B,"xeno-canto") -> 0 | N81: =K81+L81+M81 -> 13 | O81: =COUNTIFS(Clips!$F:$F,$B81,Clips!$C:$C,"excluded") -> 1 | P81: =COUNTIFS(Clips!$F:$F,$B81,Clips!$C:$C,"train") -> 8 | Q81: =COUNTIFS(Clips!$F:$F,$B81,Clips!$C:$C,"val") -> 2 | R81: =COUNTIFS(Clips!$F:$F,$B81,Clips!$C:$C,"test") -> 2 | S81: =SUMIFS(Clips!$I:$I,Clips!$F:$F,$B81,Clips!$C:$C,"train")/60 -> 4.46885 | T81: =SUMIFS(Clips!$I:$I,Clips!$F:$F,$B81,Clips!$C:$C,"val")/60 -> 0.7801 | U81: =SUMIFS(Clips!$I:$I,Clips!$F:$F,$B81,Clips!$C:$C,"test")/60 -> 4.6786333 | V81: =SUMIFS(Clips!$J:$J,Clips!$F:$F,$B81,Clips!$C:$C,"train") -> 57 | W81: =IF(V81=0,"",Splits!$B$49/(Splits!$B$50*V81)) -> 2.7337802 | X81: =IF(P81>0,IF(AND(Q81>0,R81>0),"train + val + test",IF(R81>0,"train + test","train only")),IF(R81>0,"test only (unknown class)",IF(K81>0,"site extract only","no usable audio"))) -> train + val + test | Y81: =IF($P81=0,"",IF($E81="nonbird",$B81,IF($G81="yes",$B81,"other bird"))) -> other bird | Z81: =IF(AND($F81="core",$P81>0),$B81,"") -> Wood Thrush | AA81: =IF($P81>0,$B81,"") -> Wood Thrush | AB81: 11 | AC81: 7 | AD81: =IF(COUNTIFS(Clips!$F:$F,$B81,Clips!$M:$M,">0",Clips!$C:$C,"<>excluded")=0,"",AVERAGEIFS(Clips!$M:$M,Clips!$F:$F,$B81,Clips!$M:$M,">0",Clips!$C:$C,"<>excluded")) -> 3.317 | AE81: =COUNTIFS(Clips!$F:$F,$B81,Clips!$O:$O,"<>",Clips!$B:$B,"<>site",Clips!$C:$C,"<>excluded") -> 2 | AF81: =COUNTIFS(Clips!$F:$F,$B81,Clips!$I:$I,"<5",Clips!$C:$C,"<>excluded") -> 0
A82: 3 | B82: Bananaquit | C82: Coereba flaveola | D82: banana | E82: bird | F82: few_shot | G82: =IF(AND($E82="bird",$K82>0),"yes","") | I82: =IF($E82="bird",IF(COUNTIF('eBird List'!$A:$A,$B82)>0,"yes","no"),"") -> yes | J82: =IF(COUNTIF('eBird List'!$A:$A,$B82)=0,"",INDEX('eBird List'!$C:$C,MATCH($B82,'eBird List'!$A:$A,0))) -> 0.29473433 | K82: =COUNTIFS(Clips!$B:$B,"site",Clips!$F:$F,$B82)+COUNTIFS(Clips!$B:$B,"site",Clips!$O:$O,"*"&$B82&"*") -> 0 | L82: =COUNTIFS(Clips!$F:$F,$B82,Clips!$B:$B,"macaulay") -> 8 | M82: =COUNTIFS(Clips!$F:$F,$B82,Clips!$B:$B,"xeno-canto") -> 3 | N82: =K82+L82+M82 -> 11 | O82: =COUNTIFS(Clips!$F:$F,$B82,Clips!$C:$C,"excluded") -> 0 | P82: =COUNTIFS(Clips!$F:$F,$B82,Clips!$C:$C,"train") -> 10 | Q82: =COUNTIFS(Clips!$F:$F,$B82,Clips!$C:$C,"val") -> 0 | R82: =COUNTIFS(Clips!$F:$F,$B82,Clips!$C:$C,"test") -> 1 | S82: =SUMIFS(Clips!$I:$I,Clips!$F:$F,$B82,Clips!$C:$C,"train")/60 -> 9.3154667 | T82: =SUMIFS(Clips!$I:$I,Clips!$F:$F,$B82,Clips!$C:$C,"val")/60 -> 0 | U82: =SUMIFS(Clips!$I:$I,Clips!$F:$F,$B82,Clips!$C:$C,"test")/60 -> 1.9733333 | V82: =SUMIFS(Clips!$J:$J,Clips!$F:$F,$B82,Clips!$C:$C,"train") -> 118 | W82: =IF(V82=0,"",Splits!$B$49/(Splits!$B$50*V82)) -> 1.3205548 | X82: =IF(P82>0,IF(AND(Q82>0,R82>0),"train + val + test",IF(R82>0,"train + test","train only")),IF(R82>0,"test only (unknown class)",IF(K82>0,"site extract only","no usable audio"))) -> train + test | Y82: =IF($P82=0,"",IF($E82="nonbird",$B82,IF($G82="yes",$B82,"other bird"))) -> other bird | Z82: =IF(AND($F82="core",$P82>0),$B82,"") | AA82: =IF($P82>0,$B82,"") -> Bananaquit | AB82: 9 | AC82: 7 | AD82: =IF(COUNTIFS(Clips!$F:$F,$B82,Clips!$M:$M,">0",Clips!$C:$C,"<>excluded")=0,"",AVERAGEIFS(Clips!$M:$M,Clips!$F:$F,$B82,Clips!$M:$M,">0",Clips!$C:$C,"<>excluded")) -> 3.3571429 | AE82: =COUNTIFS(Clips!$F:$F,$B82,Clips!$O:$O,"<>",Clips!$B:$B,"<>site",Clips!$C:$C,"<>excluded") -> 2 | AF82: =COUNTIFS(Clips!$F:$F,$B82,Clips!$I:$I,"<5",Clips!$C:$C,"<>excluded") -> 0
A83: 33 | B83: Blue-black Grosbeak | C83: Cyanoloxia cyanoides | D83: bubgro1 | E83: bird | F83: core | G83: =IF(AND($E83="bird",$K83>0),"yes","") | I83: =IF($E83="bird",IF(COUNTIF('eBird List'!$A:$A,$B83)>0,"yes","no"),"") -> yes | J83: =IF(COUNTIF('eBird List'!$A:$A,$B83)=0,"",INDEX('eBird List'!$C:$C,MATCH($B83,'eBird List'!$A:$A,0))) -> 0.10468787 | K83: =COUNTIFS(Clips!$B:$B,"site",Clips!$F:$F,$B83)+COUNTIFS(Clips!$B:$B,"site",Clips!$O:$O,"*"&$B83&"*") -> 0 | L83: =COUNTIFS(Clips!$F:$F,$B83,Clips!$B:$B,"macaulay") -> 10 | M83: =COUNTIFS(Clips!$F:$F,$B83,Clips!$B:$B,"xeno-canto") -> 1 | N83: =K83+L83+M83 -> 11 | O83: =COUNTIFS(Clips!$F:$F,$B83,Clips!$C:$C,"excluded") -> 0 | P83: =COUNTIFS(Clips!$F:$F,$B83,Clips!$C:$C,"train") -> 7 | Q83: =COUNTIFS(Clips!$F:$F,$B83,Clips!$C:$C,"val") -> 2 | R83: =COUNTIFS(Clips!$F:$F,$B83,Clips!$C:$C,"test") -> 2 | S83: =SUMIFS(Clips!$I:$I,Clips!$F:$F,$B83,Clips!$C:$C,"train")/60 -> 4.18305 | T83: =SUMIFS(Clips!$I:$I,Clips!$F:$F,$B83,Clips!$C:$C,"val")/60 -> 1.2805833 | U83: =SUMIFS(Clips!$I:$I,Clips!$F:$F,$B83,Clips!$C:$C,"test")/60 -> 1.337 | V83: =SUMIFS(Clips!$J:$J,Clips!$F:$F,$B83,Clips!$C:$C,"train") -> 54 | W83: =IF(V83=0,"",Splits!$B$49/(Splits!$B$50*V83)) -> 2.8856569 | X83: =IF(P83>0,IF(AND(Q83>0,R83>0),"train + val + test",IF(R83>0,"train + test","train only")),IF(R83>0,"test only (unknown class)",IF(K83>0,"site extract only","no usable audio"))) -> train + val + test | Y83: =IF($P83=0,"",IF($E83="nonbird",$B83,IF($G83="yes",$B83,"other bird"))) -> other bird | Z83: =IF(AND($F83="core",$P83>0),$B83,"") -> Blue-black Grosbeak | AA83: =IF($P83>0,$B83,"") -> Blue-black Grosbeak | AB83: 11 | AC83: 10 | AD83: =IF(COUNTIFS(Clips!$F:$F,$B83,Clips!$M:$M,">0",Clips!$C:$C,"<>excluded")=0,"",AVERAGEIFS(Clips!$M:$M,Clips!$F:$F,$B83,Clips!$M:$M,">0",Clips!$C:$C,"<>excluded")) -> 3 | AE83: =COUNTIFS(Clips!$F:$F,$B83,Clips!$O:$O,"<>",Clips!$B:$B,"<>site",Clips!$C:$C,"<>excluded") -> 0 | AF83: =COUNTIFS(Clips!$F:$F,$B83,Clips!$I:$I,"<5",Clips!$C:$C,"<>excluded") -> 0
A84: 60 | B84: Collared Forest-Falcon | C84: Micrastur semitorquatus | D84: coffal1 | E84: bird | F84: core | G84: =IF(AND($E84="bird",$K84>0),"yes","") | I84: =IF($E84="bird",IF(COUNTIF('eBird List'!$A:$A,$B84)>0,"yes","no"),"") -> yes | J84: =IF(COUNTIF('eBird List'!$A:$A,$B84)=0,"",INDEX('eBird List'!$C:$C,MATCH($B84,'eBird List'!$A:$A,0))) -> 0.032433881 | K84: =COUNTIFS(Clips!$B:$B,"site",Clips!$F:$F,$B84)+COUNTIFS(Clips!$B:$B,"site",Clips!$O:$O,"*"&$B84&"*") -> 0 | L84: =COUNTIFS(Clips!$F:$F,$B84,Clips!$B:$B,"macaulay") -> 11 | M84: =COUNTIFS(Clips!$F:$F,$B84,Clips!$B:$B,"xeno-canto") -> 0 | N84: =K84+L84+M84 -> 11 | O84: =COUNTIFS(Clips!$F:$F,$B84,Clips!$C:$C,"excluded") -> 0 | P84: =COUNTIFS(Clips!$F:$F,$B84,Clips!$C:$C,"train") -> 7 | Q84: =COUNTIFS(Clips!$F:$F,$B84,Clips!$C:$C,"val") -> 2 | R84: =COUNTIFS(Clips!$F:$F,$B84,Clips!$C:$C,"test") -> 2 | S84: =SUMIFS(Clips!$I:$I,Clips!$F:$F,$B84,Clips!$C:$C,"train")/60 -> 4.3957 | T84: =SUMIFS(Clips!$I:$I,Clips!$F:$F,$B84,Clips!$C:$C,"val")/60 -> 1.3293833 | U84: =SUMIFS(Clips!$I:$I,Clips!$F:$F,$B84,Clips!$C:$C,"test")/60 -> 2.6477333 | V84: =SUMIFS(Clips!$J:$J,Clips!$F:$F,$B84,Clips!$C:$C,"train") -> 56 | W84: =IF(V84=0,"",Splits!$B$49/(Splits!$B$50*V84)) -> 2.7825977 | X84: =IF(P84>0,IF(AND(Q84>0,R84>0),"train + val + test",IF(R84>0,"train + test","train only")),IF(R84>0,"test only (unknown class)",IF(K84>0,"site extract only","no usable audio"))) -> train + val + test | Y84: =IF($P84=0,"",IF($E84="nonbird",$B84,IF($G84="yes",$B84,"other bird"))) -> other bird | Z84: =IF(AND($F84="core",$P84>0),$B84,"") -> Collared Forest-Falcon | AA84: =IF($P84>0,$B84,"") -> Collared Forest-Falcon | AB84: 11 | AC84: 9 | AD84: =IF(COUNTIFS(Clips!$F:$F,$B84,Clips!$M:$M,">0",Clips!$C:$C,"<>excluded")=0,"",AVERAGEIFS(Clips!$M:$M,Clips!$F:$F,$B84,Clips!$M:$M,">0",Clips!$C:$C,"<>excluded")) -> 3.2222222 | AE84: =COUNTIFS(Clips!$F:$F,$B84,Clips!$O:$O,"<>",Clips!$B:$B,"<>site",Clips!$C:$C,"<>excluded") -> 1 | AF84: =COUNTIFS(Clips!$F:$F,$B84,Clips!$I:$I,"<5",Clips!$C:$C,"<>excluded") -> 0
... A93: 182 | B93: Slate-colored Grosbeak | C93: Saltator grossus | D93: slcgro1 | E93: bird | F93: core | G93: =IF(AND($E93="bird",$K93>0),"yes","") | I93: =IF($E93="bird",IF(COUNTIF('eBird List'!$A:$A,$B93)>0,"yes","no"),"") -> yes | J93: =IF(COUNTIF('eBird List'!$A:$A,$B93)=0,"",INDEX('eBird List'!$C:$C,MATCH($B93,'eBird List'!$A:$A,0))) -> 0.01798904 | K93: =COUNTIFS(Clips!$B:$B,"site",Clips!$F:$F,$B93)+COUNTIFS(Clips!$B:$B,"site",Clips!$O:$O,"*"&$B93&"*") -> 0 | L93: =COUNTIFS(Clips!$F:$F,$B93,Clips!$B:$B,"macaulay") -> 10 | M93: =COUNTIFS(Clips!$F:$F,$B93,Clips!$B:$B,"xeno-canto") -> 0 | N93: =K93+L93+M93 -> 10 | O93: =COUNTIFS(Clips!$F:$F,$B93,Clips!$C:$C,"excluded") -> 0 | P93: =COUNTIFS(Clips!$F:$F,$B93,Clips!$C:$C,"train") -> 6 | Q93: =COUNTIFS(Clips!$F:$F,$B93,Clips!$C:$C,"val") -> 2 | R93: =COUNTIFS(Clips!$F:$F,$B93,Clips!$C:$C,"test") -> 2 | S93: =SUMIFS(Clips!$I:$I,Clips!$F:$F,$B93,Clips!$C:$C,"train")/60 -> 12.060317 | T93: =SUMIFS(Clips!$I:$I,Clips!$F:$F,$B93,Clips!$C:$C,"val")/60 -> 2.4434 | U93: =SUMIFS(Clips!$I:$I,Clips!$F:$F,$B93,Clips!$C:$C,"test")/60 -> 7.8158833 | V93: =SUMIFS(Clips!$J:$J,Clips!$F:$F,$B93,Clips!$C:$C,"train") -> 148 | W93: =IF(V93=0,"",Splits!$B$49/(Splits!$B$50*V93)) -> 1.0528748 | X93: =IF(P93>0,IF(AND(Q93>0,R93>0),"train + val + test",IF(R93>0,"train + test","train only")),IF(R93>0,"test only (unknown class)",IF(K93>0,"site extract only","no usable audio"))) -> train + val + test | Y93: =IF($P93=0,"",IF($E93="nonbird",$B93,IF($G93="yes",$B93,"other bird"))) -> other bird | Z93: =IF(AND($F93="core",$P93>0),$B93,"") -> Slate-colored Grosbeak | AA93: =IF($P93>0,$B93,"") -> Slate-colored Grosbeak | AB93: 10 | AC93: 7 | AD93: =IF(COUNTIFS(Clips!$F:$F,$B93,Clips!$M:$M,">0",Clips!$C:$C,"<>excluded")=0,"",AVERAGEIFS(Clips!$M:$M,Clips!$F:$F,$B93,Clips!$M:$M,">0",Clips!$C:$C,"<>excluded")) -> 3.0722222 | AE93: =COUNTIFS(Clips!$F:$F,$B93,Clips!$O:$O,"<>",Clips!$B:$B,"<>site",Clips!$C:$C,"<>excluded") -> 0 | AF93: =COUNTIFS(Clips!$F:$F,$B93,Clips!$I:$I,"<5",Clips!$C:$C,"<>excluded") -> 0
A94: 28 | B94: Black-striped Woodcreeper | C94: Xiphorhynchus lachrymosus | D94: blswoo1 | E94: bird | F94: few_shot | G94: =IF(AND($E94="bird",$K94>0),"yes","") -> yes | I94: =IF($E94="bird",IF(COUNTIF('eBird List'!$A:$A,$B94)>0,"yes","no"),"") -> yes | J94: =IF(COUNTIF('eBird List'!$A:$A,$B94)=0,"",INDEX('eBird List'!$C:$C,MATCH($B94,'eBird List'!$A:$A,0))) -> 0.015963784 | K94: =COUNTIFS(Clips!$B:$B,"site",Clips!$F:$F,$B94)+COUNTIFS(Clips!$B:$B,"site",Clips!$O:$O,"*"&$B94&"*") -> 1 | L94: =COUNTIFS(Clips!$F:$F,$B94,Clips!$B:$B,"macaulay") -> 9 | M94: =COUNTIFS(Clips!$F:$F,$B94,Clips!$B:$B,"xeno-canto") -> 0 | N94: =K94+L94+M94 -> 10 | O94: =COUNTIFS(Clips!$F:$F,$B94,Clips!$C:$C,"excluded") -> 0 | P94: =COUNTIFS(Clips!$F:$F,$B94,Clips!$C:$C,"train") -> 8 | Q94: =COUNTIFS(Clips!$F:$F,$B94,Clips!$C:$C,"val") -> 0 | R94: =COUNTIFS(Clips!$F:$F,$B94,Clips!$C:$C,"test") -> 1 | S94: =SUMIFS(Clips!$I:$I,Clips!$F:$F,$B94,Clips!$C:$C,"train")/60 -> 16.588117 | T94: =SUMIFS(Clips!$I:$I,Clips!$F:$F,$B94,Clips!$C:$C,"val")/60 -> 0 | U94: =SUMIFS(Clips!$I:$I,Clips!$F:$F,$B94,Clips!$C:$C,"test")/60 -> 1.1439333 | V94: =SUMIFS(Clips!$J:$J,Clips!$F:$F,$B94,Clips!$C:$C,"train") -> 204 | W94: =IF(V94=0,"",Splits!$B$49/(Splits!$B$50*V94)) -> 0.76385035 | X94: =IF(P94>0,IF(AND(Q94>0,R94>0),"train + val + test",IF(R94>0,"train + test","train only")),IF(R94>0,"test only (unknown class)",IF(K94>0,"site extract only","no usable audio"))) -> train + test | Y94: =IF($P94=0,"",IF($E94="nonbird",$B94,IF($G94="yes",$B94,"other bird"))) -> Black-striped Woodcreeper | Z94: =IF(AND($F94="core",$P94>0),$B94,"") | AA94: =IF($P94>0,$B94,"") -> Black-striped Woodcreeper | AB94: 9 | AC94: 5 | AD94: =IF(COUNTIFS(Clips!$F:$F,$B94,Clips!$M:$M,">0",Clips!$C:$C,"<>excluded")=0,"",AVERAGEIFS(Clips!$M:$M,Clips!$F:$F,$B94,Clips!$M:$M,">0",Clips!$C:$C,"<>excluded")) -> 2.5428571 | AE94: =COUNTIFS(Clips!$F:$F,$B94,Clips!$O:$O,"<>",Clips!$B:$B,"<>site",Clips!$C:$C,"<>excluded") -> 2 | AF94: =COUNTIFS(Clips!$F:$F,$B94,Clips!$I:$I,"<5",Clips!$C:$C,"<>excluded") -> 1 | AG94: Site: Log note: Unique call
A95: 127 | B95: Mistletoe Tyrannulet | C95: Zimmerius parvus | D95: paltyr3 | E95: bird | F95: few_shot | G95: =IF(AND($E95="bird",$K95>0),"yes","") | I95: =IF($E95="bird",IF(COUNTIF('eBird List'!$A:$A,$B95)>0,"yes","no"),"") -> yes | J95: =IF(COUNTIF('eBird List'!$A:$A,$B95)=0,"",INDEX('eBird List'!$C:$C,MATCH($B95,'eBird List'!$A:$A,0))) -> 0.14736717 | K95: =COUNTIFS(Clips!$B:$B,"site",Clips!$F:$F,$B95)+COUNTIFS(Clips!$B:$B,"site",Clips!$O:$O,"*"&$B95&"*") -> 0 | L95: =COUNTIFS(Clips!$F:$F,$B95,Clips!$B:$B,"macaulay") -> 9 | M95: =COUNTIFS(Clips!$F:$F,$B95,Clips!$B:$B,"xeno-canto") -> 0 | N95: =K95+L95+M95 -> 9 | O95: =COUNTIFS(Clips!$F:$F,$B95,Clips!$C:$C,"excluded") -> 0 | P95: =COUNTIFS(Clips!$F:$F,$B95,Clips!$C:$C,"train") -> 8 | Q95: =COUNTIFS(Clips!$F:$F,$B95,Clips!$C:$C,"val") -> 0 | R95: =COUNTIFS(Clips!$F:$F,$B95,Clips!$C:$C,"test") -> 1 | S95: =SUMIFS(Clips!$I:$I,Clips!$F:$F,$B95,Clips!$C:$C,"train")/60 -> 5.7582333 | T95: =SUMIFS(Clips!$I:$I,Clips!$F:$F,$B95,Clips!$C:$C,"val")/60 -> 0 | U95: =SUMIFS(Clips!$I:$I,Clips!$F:$F,$B95,Clips!$C:$C,"test")/60 -> 0.42281667 | V95: =SUMIFS(Clips!$J:$J,Clips!$F:$F,$B95,Clips!$C:$C,"train") -> 74 | W95: =IF(V95=0,"",Splits!$B$49/(Splits!$B$50*V95)) -> 2.1057496 | X95: =IF(P95>0,IF(AND(Q95>0,R95>0),"train + val + test",IF(R95>0,"train + test","train only")),IF(R95>0,"test only (unknown class)",IF(K95>0,"site extract only","no usable audio"))) -> train + test | Y95: =IF($P95=0,"",IF($E95="nonbird",$B95,IF($G95="yes",$B95,"other bird"))) -> other bird | Z95: =IF(AND($F95="core",$P95>0),$B95,"") | AA95: =IF($P95>0,$B95,"") -> Mistletoe Tyrannulet | AB95: 9 | AC95: 7 | AD95: =IF(COUNTIFS(Clips!$F:$F,$B95,Clips!$M:$M,">0",Clips!$C:$C,"<>excluded")=0,"",AVERAGEIFS(Clips!$M:$M,Clips!$F:$F,$B95,Clips!$M:$M,">0",Clips!$C:$C,"<>excluded")) -> 3.0466667 | AE95: =COUNTIFS(Clips!$F:$F,$B95,Clips!$O:$O,"<>",Clips!$B:$B,"<>site",Clips!$C:$C,"<>excluded") -> 0 | AF95: =COUNTIFS(Clips!$F:$F,$B95,Clips!$I:$I,"<5",Clips!$C:$C,"<>excluded") -> 0
A96: 129 | B96: Mottled Owl | C96: Strix virgata | D96: motowl | E96: bird | F96: few_shot | G96: =IF(AND($E96="bird",$K96>0),"yes","") | I96: =IF($E96="bird",IF(COUNTIF('eBird List'!$A:$A,$B96)>0,"yes","no"),"") -> yes | J96: =IF(COUNTIF('eBird List'!$A:$A,$B96)=0,"",INDEX('eBird List'!$C:$C,MATCH($B96,'eBird List'!$A:$A,0))) -> 0.01227067 | K96: =COUNTIFS(Clips!$B:$B,"site",Clips!$F:$F,$B96)+COUNTIFS(Clips!$B:$B,"site",Clips!$O:$O,"*"&$B96&"*") -> 0 | L96: =COUNTIFS(Clips!$F:$F,$B96,Clips!$B:$B,"macaulay") -> 9 | M96: =COUNTIFS(Clips!$F:$F,$B96,Clips!$B:$B,"xeno-canto") -> 0 | N96: =K96+L96+M96 -> 9 | O96: =COUNTIFS(Clips!$F:$F,$B96,Clips!$C:$C,"excluded") -> 0 | P96: =COUNTIFS(Clips!$F:$F,$B96,Clips!$C:$C,"train") -> 8 | Q96: =COUNTIFS(Clips!$F:$F,$B96,Clips!$C:$C,"val") -> 0 | R96: =COUNTIFS(Clips!$F:$F,$B96,Clips!$C:$C,"test") -> 1 | S96: =SUMIFS(Clips!$I:$I,Clips!$F:$F,$B96,Clips!$C:$C,"train")/60 -> 4.18545 | T96: =SUMIFS(Clips!$I:$I,Clips!$F:$F,$B96,Clips!$C:$C,"val")/60 -> 0 | U96: =SUMIFS(Clips!$I:$I,Clips!$F:$F,$B96,Clips!$C:$C,"test")/60 -> 0.26876667 | V96: =SUMIFS(Clips!$J:$J,Clips!$F:$F,$B96,Clips!$C:$C,"train") -> 54 | W96: =IF(V96=0,"",Splits!$B$49/(Splits!$B$50*V96)) -> 2.8856569 | X96: =IF(P96>0,IF(AND(Q96>0,R96>0),"train + val + test",IF(R96>0,"train + test","train only")),IF(R96>0,"test only (unknown class)",IF(K96>0,"site extract only","no usable audio"))) -> train + test | Y96: =IF($P96=0,"",IF($E96="nonbird",$B96,IF($G96="yes",$B96,"other bird"))) -> other bird | Z96: =IF(AND($F96="core",$P96>0),$B96,"") | AA96: =IF($P96>0,$B96,"") -> Mottled Owl | AB96: 8 | AC96: 6 | AD96: =IF(COUNTIFS(Clips!$F:$F,$B96,Clips!$M:$M,">0",Clips!$C:$C,"<>excluded")=0,"",AVERAGEIFS(Clips!$M:$M,Clips!$F:$F,$B96,Clips!$M:$M,">0",Clips!$C:$C,"<>excluded")) -> 2.7783333 | AE96: =COUNTIFS(Clips!$F:$F,$B96,Clips!$O:$O,"<>",Clips!$B:$B,"<>site",Clips!$C:$C,"<>excluded") -> 0 | AF96: =COUNTIFS(Clips!$F:$F,$B96,Clips!$I:$I,"<5",Clips!$C:$C,"<>excluded") -> 1
A97: 149 | B97: Palm Tanager | C97: Thraupis palmarum | D97: paltan1 | E97: bird | F97: few_shot | G97: =IF(AND($E97="bird",$K97>0),"yes","") | I97: =IF($E97="bird",IF(COUNTIF('eBird List'!$A:$A,$B97)>0,"yes","no"),"") -> yes | J97: =IF(COUNTIF('eBird List'!$A:$A,$B97)=0,"",INDEX('eBird List'!$C:$C,MATCH($B97,'eBird List'!$A:$A,0))) -> 0.32088396 | K97: =COUNTIFS(Clips!$B:$B,"site",Clips!$F:$F,$B97)+COUNTIFS(Clips!$B:$B,"site",Clips!$O:$O,"*"&$B97&"*") -> 0 | L97: =COUNTIFS(Clips!$F:$F,$B97,Clips!$B:$B,"macaulay") -> 9 | M97: =COUNTIFS(Clips!$F:$F,$B97,Clips!$B:$B,"xeno-canto") -> 0 | N97: =K97+L97+M97 -> 9 | O97: =COUNTIFS(Clips!$F:$F,$B97,Clips!$C:$C,"excluded") -> 0 | P97: =COUNTIFS(Clips!$F:$F,$B97,Clips!$C:$C,"train") -> 7 | Q97: =COUNTIFS(Clips!$F:$F,$B97,Clips!$C:$C,"val") -> 0 | R97: =COUNTIFS(Clips!$F:$F,$B97,Clips!$C:$C,"test") -> 2 | S97: =SUMIFS(Clips!$I:$I,Clips!$F:$F,$B97,Clips!$C:$C,"train")/60 -> 2.1375667 | T97: =SUMIFS(Clips!$I:$I,Clips!$F:$F,$B97,Clips!$C:$C,"val")/60 -> 0 | U97: =SUMIFS(Clips!$I:$I,Clips!$F:$F,$B97,Clips!$C:$C,"test")/60 -> 0.49568333 | V97: =SUMIFS(Clips!$J:$J,Clips!$F:$F,$B97,Clips!$C:$C,"train") -> 28 | W97: =IF(V97=0,"",Splits!$B$49/(Splits!$B$50*V97)) -> 5.5651954 | X97: =IF(P97>0,IF(AND(Q97>0,R97>0),"train + val + test",IF(R97>0,"train + test","train only")),IF(R97>0,"test only (unknown class)",IF(K97>0,"site extract only","no usable audio"))) -> train + test | Y97: =IF($P97=0,"",IF($E97="nonbird",$B97,IF($G97="yes",$B97,"other bird"))) -> other bird | Z97: =IF(AND($F97="core",$P97>0),$B97,"") | AA97: =IF($P97>0,$B97,"") -> Palm Tanager | AB97: 6 | AC97: 6 | AD97: =IF(COUNTIFS(Clips!$F:$F,$B97,Clips!$M:$M,">0",Clips!$C:$C,"<>excluded")=0,"",AVERAGEIFS(Clips!$M:$M,Clips!$F:$F,$B97,Clips!$M:$M,">0",Clips!$C:$C,"<>excluded")) -> 2.90625 | AE97: =COUNTIFS(Clips!$F:$F,$B97,Clips!$O:$O,"<>",Clips!$B:$B,"<>site",Clips!$C:$C,"<>excluded") -> 0 | AF97: =COUNTIFS(Clips!$F:$F,$B97,Clips!$I:$I,"<5",Clips!$C:$C,"<>excluded") -> 1
A98: 151 | B98: Piratic Flycatcher | C98: Legatus leucophaius | D98: pirfly1 | E98: bird | F98: few_shot | G98: =IF(AND($E98="bird",$K98>0),"yes","") | I98: =IF($E98="bird",IF(COUNTIF('eBird List'!$A:$A,$B98)>0,"yes","no"),"") -> yes | J98: =IF(COUNTIF('eBird List'!$A:$A,$B98)=0,"",INDEX('eBird List'!$C:$C,MATCH($B98,'eBird List'!$A:$A,0))) -> 0.12273648 | K98: =COUNTIFS(Clips!$B:$B,"site",Clips!$F:$F,$B98)+COUNTIFS(Clips!$B:$B,"site",Clips!$O:$O,"*"&$B98&"*") -> 0 | L98: =COUNTIFS(Clips!$F:$F,$B98,Clips!$B:$B,"macaulay") -> 9 | M98: =COUNTIFS(Clips!$F:$F,$B98,Clips!$B:$B,"xeno-canto") -> 0 | N98: =K98+L98+M98 -> 9 | O98: =COUNTIFS(Clips!$F:$F,$B98,Clips!$C:$C,"excluded") -> 0 | P98: =COUNTIFS(Clips!$F:$F,$B98,Clips!$C:$C,"train") -> 8 | Q98: =COUNTIFS(Clips!$F:$F,$B98,Clips!$C:$C,"val") -> 0 | R98: =COUNTIFS(Clips!$F:$F,$B98,Clips!$C:$C,"test") -> 1 | S98: =SUMIFS(Clips!$I:$I,Clips!$F:$F,$B98,Clips!$C:$C,"train")/60 -> 12.33195 | T98: =SUMIFS(Clips!$I:$I,Clips!$F:$F,$B98,Clips!$C:$C,"val")/60 -> 0 | U98: =SUMIFS(Clips!$I:$I,Clips!$F:$F,$B98,Clips!$C:$C,"test")/60 -> 0.26581667 | V98: =SUMIFS(Clips!$J:$J,Clips!$F:$F,$B98,Clips!$C:$C,"train") -> 153 | W98: =IF(V98=0,"",Splits!$B$49/(Splits!$B$50*V98)) -> 1.0184671 | X98: =IF(P98>0,IF(AND(Q98>0,R98>0),"train + val + test",IF(R98>0,"train + test","train only")),IF(R98>0,"test only (unknown class)",IF(K98>0,"site extract only","no usable audio"))) -> train + test | Y98: =IF($P98=0,"",IF($E98="nonbird",$B98,IF($G98="yes",$B98,"other bird"))) -> other bird | Z98: =IF(AND($F98="core",$P98>0),$B98,"") | AA98: =IF($P98>0,$B98,"") -> Piratic Flycatcher | AB98: 8 | AC98: 3 | AD98: =IF(COUNTIFS(Clips!$F:$F,$B98,Clips!$M:$M,">0",Clips!$C:$C,"<>excluded")=0,"",AVERAGEIFS(Clips!$M:$M,Clips!$F:$F,$B98,Clips!$M:$M,">0",Clips!$C:$C,"<>excluded")) -> 3.8125 | AE98: =COUNTIFS(Clips!$F:$F,$B98,Clips!$O:$O,"<>",Clips!$B:$B,"<>site",Clips!$C:$C,"<>excluded") -> 0 | AF98: =COUNTIFS(Clips!$F:$F,$B98,Clips!$I:$I,"<5",Clips!$C:$C,"<>excluded") -> 0
A99: 184 | B99: Slaty Spinetail | C99: Synallaxis brachyura | D99: slaspi1 | E99: bird | F99: few_shot | G99: =IF(AND($E99="bird",$K99>0),"yes","") | I99: =IF($E99="bird",IF(COUNTIF('eBird List'!$A:$A,$B99)>0,"yes","no"),"") -> yes | J99: =IF(COUNTIF('eBird List'!$A:$A,$B99)=0,"",INDEX('eBird List'!$C:$C,MATCH($B99,'eBird List'!$A:$A,0))) -> 0.011734572 | K99: =COUNTIFS(Clips!$B:$B,"site",Clips!$F:$F,$B99)+COUNTIFS(Clips!$B:$B,"site",Clips!$O:$O,"*"&$B99&"*") -> 0 | L99: =COUNTIFS(Clips!$F:$F,$B99,Clips!$B:$B,"macaulay") -> 8 | M99: =COUNTIFS(Clips!$F:$F,$B99,Clips!$B:$B,"xeno-canto") -> 1 | N99: =K99+L99+M99 -> 9 | O99: =COUNTIFS(Clips!$F:$F,$B99,Clips!$C:$C,"excluded") -> 0 | P99: =COUNTIFS(Clips!$F:$F,$B99,Clips!$C:$C,"train") -> 8 | Q99: =COUNTIFS(Clips!$F:$F,$B99,Clips!$C:$C,"val") -> 0 | R99: =COUNTIFS(Clips!$F:$F,$B99,Clips!$C:$C,"test") -> 1 | S99: =SUMIFS(Clips!$I:$I,Clips!$F:$F,$B99,Clips!$C:$C,"train")/60 -> 6.8532333 | T99: =SUMIFS(Clips!$I:$I,Clips!$F:$F,$B99,Clips!$C:$C,"val")/60 -> 0 | U99: =SUMIFS(Clips!$I:$I,Clips!$F:$F,$B99,Clips!$C:$C,"test")/60 -> 0.75341667 | V99: =SUMIFS(Clips!$J:$J,Clips!$F:$F,$B99,Clips!$C:$C,"train") -> 87 | W99: =IF(V99=0,"",Splits!$B$49/(Splits!$B$50*V99)) -> 1.7910974 | X99: =IF(P99>0,IF(AND(Q99>0,R99>0),"train + val + test",IF(R99>0,"train + test","train only")),IF(R99>0,"test only (unknown class)",IF(K99>0,"site extract only","no usable audio"))) -> train + test | Y99: =IF($P99=0,"",IF($E99="nonbird",$B99,IF($G99="yes",$B99,"other bird"))) -> other bird | Z99: =IF(AND($F99="core",$P99>0),$B99,"") | AA99: =IF($P99>0,$B99,"") -> Slaty Spinetail | AB99: 9 | AC99: 7 | AD99: =IF(COUNTIFS(Clips!$F:$F,$B99,Clips!$M:$M,">0",Clips!$C:$C,"<>excluded")=0,"",AVERAGEIFS(Clips!$M:$M,Clips!$F:$F,$B99,Clips!$M:$M,">0",Clips!$C:$C,"<>excluded")) -> 2.28375 | AE99: =COUNTIFS(Clips!$F:$F,$B99,Clips!$O:$O,"<>",Clips!$B:$B,"<>site",Clips!$C:$C,"<>excluded") -> 2 | AF99: =COUNTIFS(Clips!$F:$F,$B99,Clips!$I:$I,"<5",Clips!$C:$C,"<>excluded") -> 0
A100: 191 | B100: Southern House Wren | C100: Troglodytes musculus | D100: houwre4 | E100: bird | F100: few_shot | G100: =IF(AND($E100="bird",$K100>0),"yes","") | I100: =IF($E100="bird",IF(COUNTIF('eBird List'!$A:$A,$B100)>0,"yes","no"),"") -> yes | J100: =IF(COUNTIF('eBird List'!$A:$A,$B100)=0,"",INDEX('eBird List'!$C:$C,MATCH($B100,'eBird List'!$A:$A,0))) -> 0.15338337 | K100: =COUNTIFS(Clips!$B:$B,"site",Clips!$F:$F,$B100)+COUNTIFS(Clips!$B:$B,"site",Clips!$O:$O,"*"&$B100&"*") -> 0 | L100: =COUNTIFS(Clips!$F:$F,$B100,Clips!$B:$B,"macaulay") -> 6 | M100: =COUNTIFS(Clips!$F:$F,$B100,Clips!$B:$B,"xeno-canto") -> 3 | N100: =K100+L100+M100 -> 9 | O100: =COUNTIFS(Clips!$F:$F,$B100,Clips!$C:$C,"excluded") -> 0 | P100: =COUNTIFS(Clips!$F:$F,$B100,Clips!$C:$C,"train") -> 8 | Q100: =COUNTIFS(Clips!$F:$F,$B100,Clips!$C:$C,"val") -> 0 | R100: =COUNTIFS(Clips!$F:$F,$B100,Clips!$C:$C,"test") -> 1 | S100: =SUMIFS(Clips!$I:$I,Clips!$F:$F,$B100,Clips!$C:$C,"train")/60 -> 6.0884833 | T100: =SUMIFS(Clips!$I:$I,Clips!$F:$F,$B100,Clips!$C:$C,"val")/60 -> 0 | U100: =SUMIFS(Clips!$I:$I,Clips!$F:$F,$B100,Clips!$C:$C,"test")/60 -> 0.17635 | V100: =SUMIFS(Clips!$J:$J,Clips!$F:$F,$B100,Clips!$C:$C,"train") -> 76 | W100: =IF(V100=0,"",Splits!$B$49/(Splits!$B$50*V100)) -> 2.0503352 | X100: =IF(P100>0,IF(AND(Q100>0,R100>0),"train + val + test",IF(R100>0,"train + test","train only")),IF(R100>0,"test only (unknown class)",IF(K100>0,"site extract only","no usable audio"))) -> train + test | Y100: =IF($P100=0,"",IF($E100="nonbird",$B100,IF($G100="yes",$B100,"other bird"))) -> other bird | Z100: =IF(AND($F100="core",$P100>0),$B100,"") | AA100: =IF($P100>0,$B100,"") -> Southern House Wren | AB100: 8 | AC100: 7 | AD100: =IF(COUNTIFS(Clips!$F:$F,$B100,Clips!$M:$M,">0",Clips!$C:$C,"<>excluded")=0,"",AVERAGEIFS(Clips!$M:$M,Clips!$F:$F,$B100,Clips!$M:$M,">0",Clips!$C:$C,"<>excluded")) -> 3.2 | AE100: =COUNTIFS(Clips!$F:$F,$B100,Clips!$O:$O,"<>",Clips!$B:$B,"<>site",Clips!$C:$C,"<>excluded") -> 0 | AF100: =COUNTIFS(Clips!$F:$F,$B100,Clips!$I:$I,"<5",Clips!$C:$C,"<>excluded") -> 1 | AG100: Xeno-canto label House Wren (Troglodytes aedon)
A101: 195 | B101: Spotted Antbird | C101: Hylophylax naevioides | D101: spoant1 | E101: bird | F101: few_shot | G101: =IF(AND($E101="bird",$K101>0),"yes","") | I101: =IF($E101="bird",IF(COUNTIF('eBird List'!$A:$A,$B101)>0,"yes","no"),"") -> yes | J101: =IF(COUNTIF('eBird List'!$A:$A,$B101)=0,"",INDEX('eBird List'!$C:$C,MATCH($B101,'eBird List'!$A:$A,0))) -> 0.051465332 | K101: =COUNTIFS(Clips!$B:$B,"site",Clips!$F:$F,$B101)+COUNTIFS(Clips!$B:$B,"site",Clips!$O:$O,"*"&$B101&"*") -> 0 | L101: =COUNTIFS(Clips!$F:$F,$B101,Clips!$B:$B,"macaulay") -> 8 | M101: =COUNTIFS(Clips!$F:$F,$B101,Clips!$B:$B,"xeno-canto") -> 1 | N101: =K101+L101+M101 -> 9 | O101: =COUNTIFS(Clips!$F:$F,$B101,Clips!$C:$C,"excluded") -> 0 | P101: =COUNTIFS(Clips!$F:$F,$B101,Clips!$C:$C,"train") -> 8 | Q101: =COUNTIFS(Clips!$F:$F,$B101,Clips!$C:$C,"val") -> 0 | R101: =COUNTIFS(Clips!$F:$F,$B101,Clips!$C:$C,"test") -> 1 | S101: =SUMIFS(Clips!$I:$I,Clips!$F:$F,$B101,Clips!$C:$C,"train")/60 -> 3.8736167 | T101: =SUMIFS(Clips!$I:$I,Clips!$F:$F,$B101,Clips!$C:$C,"val")/60 -> 0 | U101: =SUMIFS(Clips!$I:$I,Clips!$F:$F,$B101,Clips!$C:$C,"test")/60 -> 0.1 | V101: =SUMIFS(Clips!$J:$J,Clips!$F:$F,$B101,Clips!$C:$C,"train") -> 51 | W101: =IF(V101=0,"",Splits!$B$49/(Splits!$B$50*V101)) -> 3.0554014 | X101: =IF(P101>0,IF(AND(Q101>0,R101>0),"train + val + test",IF(R101>0,"train + test","train only")),IF(R101>0,"test only (unknown class)",IF(K101>0,"site extract only","no usable audio"))) -> train + test | Y101: =IF($P101=0,"",IF($E101="nonbird",$B101,IF($G101="yes",$B101,"other bird"))) -> other bird | Z101: =IF(AND($F101="core",$P101>0),$B101,"") | AA101: =IF($P101>0,$B101,"") -> Spotted Antbird | AB101: 8 | AC101: 8 | AD101: =IF(COUNTIFS(Clips!$F:$F,$B101,Clips!$M:$M,">0",Clips!$C:$C,"<>excluded")=0,"",AVERAGEIFS(Clips!$M:$M,Clips!$F:$F,$B101,Clips!$M:$M,">0",Clips!$C:$C,"<>excluded")) -> 3.2385714 | AE101: =COUNTIFS(Clips!$F:$F,$B101,Clips!$O:$O,"<>",Clips!$B:$B,"<>site",Clips!$C:$C,"<>excluded") -> 0 | AF101: =COUNTIFS(Clips!$F:$F,$B101,Clips!$I:$I,"<5",Clips!$C:$C,"<>excluded") -> 0
